0000031887	0
B00001W0KA	1
B00001WRHJ	2
B000034DKV	3
B00004U1J2	4
B00004U34L	5
B00005JHKE	6
B00005JHKO	7
B000073TM3	8
B00009OXD7	9
B00009QMR3	10
B00009WM7J	11
B0000A504H	12
B0000A50X5	13
B0000A53UX	14
B0000AFSX4	15
B0000BX8L1	16
B0000DZJLV	17
B0000TIKK8	18
B0000UIY3U	19
B0001CNJ9Q	20
B0001YJ100	21
B00024BM6A	22
B00028NLRE	23
B00028NMN2	24
B00028NXCM	25
B0002A4K04	26
B0002FHIVM	27
B0002KBQKG	28
B0002MFU3I	29
B0002NYPYW	30
B0002NYUAQ	31
B0002QVBVE	32
B0002QVHCC	33
B0002RDYMC	34
B0002UD2YO	35
B0002UD3VQ	36
B0002USAW8	37
B0002UUCPQ	38
B00064V6LM	39
B0006I8T6S	40
B0006NW4ZK	41
B0006NX5VC	42
B0006TQ60S	43
B00075J1K8	44
B0007A2JX4	45
B0007KUGWU	46
B0007LCIRK	47
B0007TZWZW	48
B00081FOSY	49
B00081FOWU	50
B00081FOXO	51
B000853KD6	52
B0008FUDE0	53
B0008JF9P4	54
B00099E79W	55
B0009HLT9K	56
B0009HLTAO	57
B0009JOSVE	58
B0009M964A	59
B0009M96CW	60
B0009MK8GK	61
B0009MK8HO	62
B0009NX3F2	63
B0009O1XWQ	64
B0009RG94K	65
B0009RLR5Q	66
B0009RLU3A	67
B000A2FTN6	68
B000AL7DZO	69
B000AN5AFW	70
B000AO9F8E	71
B000AY5JS4	72
B000B2HQ5O	73
B000B5256G	74
B000B545F0	75
B000B5U75C	76
B000B7MG36	77
B000B8U0QU	78
B000B8X0XU	79
B000BRRL4U	80
B000BXTX68	81
B000BYQRKW	82
B000C41UDA	83
B000E46AVK	84
B000E46B7S	85
B000E48DBU	86
B000E4AFSE	87
B000E4JYOK	88
B000E4NH9S	89
B000E4OC06	90
B000E69Z3S	91
B000E96LAU	92
B000EFIM6A	93
B000EIW330	94
B000ENN0TQ	95
B000EUD9OU	96
B000F318VW	97
B000FBF12G	98
B000FDOIIW	99
B000FDSKVS	100
B000FDSKX6	101
B000FDXA6I	102
B000FDXA9A	103
B000FGKC2U	104
B000FGX826	105
B000FIJVR0	106
B000FIJVU2	107
B000FIK09S	108
B000FLX2PE	109
B000FRSGPE	110
B000FRU7IS	111
B000FRUEOU	112
B000FRVBBK	113
B000FRVEL2	114
B000G1JM02	115
B000G24XYQ	116
B000G26TRU	117
B000G8GME4	118
B000GC7F28	119
B000GC7FAK	120
B000GCDJX2	121
B000GDK33K	122
B000GEGKLI	123
B000GHA0WK	124
B000GHWJDS	125
B000GIPIF8	126
B000GJIRFU	127
B000GJYKWY	128
B000GRNYAK	129
B000GRNYB4	130
B000GWDZFO	131
B000GYU3HU	132
B000GYU3K2	133
B000GYW3IM	134
B000GYW3SC	135
B000GYW4BI	136
B000H3RFQC	137
B000H3UJUG	138
B000H7MUPY	139
B000H8HAXA	140
B000H8IK6Q	141
B000H8IZY8	142
B000HAKPW6	143
B000HAPB1Q	144
B000HAYQ6C	145
B000HCNAL2	146
B000HGENWS	147
B000HKK38W	148
B000HKZQ20	149
B000HOOR58	150
B000HPLUI4	151
B000HTQ09Y	152
B000HVUMV4	153
B000I1D0BC	154
B000I1VNZ2	155
B000I5F8S6	156
B000I7HY0O	157
B000I90REW	158
B000ICXM0A	159
B000IDY2WQ	160
B000IEBY30	161
B000IEC9CA	162
B000IG39DQ	163
B000IG9NRW	164
B000IGC7OI	165
B000ILSQFC	166
B000J26ILE	167
B000J2KLDA	168
B000J4294W	169
B000J4GV96	170
B000J4MSXE	171
B000JCN9UM	172
B000JCU3VU	173
B000JCYJMO	174
B000JGDJN0	175
B000JLCN5A	176
B000JLIYN0	177
B000JPPQ6O	178
B000JVTST4	179
B000JWU4FU	180
B000K2MGOG	181
B000KFB4PK	182
B000KFTPPQ	183
B000KIHOME	184
B000KIJP3A	185
B000KILNSK	186
B000KILNT4	187
B000KILNTY	188
B000KJ0S26	189
B000KMHYZW	190
B000KMRCW2	191
B000LNHN5Q	192
B000LNJGYM	193
B000LRI4GE	194
B000LTQIJM	195
B000M5HT66	196
B000MC1NUW	197
B000ML7OXI	198
B000MQWYM4	199
B000MRALZ0	200
B000MREJW6	201
B000MSVWIO	202
B000N1ZW6I	203
B000N38BDM	204
B000NDM4XU	205
B000NHVE32	206
B000NHXBYC	207
B000NKC7O4	208
B000O34IPQ	209
B000O3MGNW	210
B000O76CU6	211
B000O7PT3W	212
B000OBFVI6	213
B000OCSRHC	214
B000OFMKVS	215
B000OK7GQ2	216
B000OL8XJA	217
B000OMNHYA	218
B000OMPDU6	219
B000ONXT9C	220
B000OORHT4	221
B000OOT55I	222
B000OPIHME	223
B000OQN9BC	224
B000OQQ4ZU	225
B000OWBC42	226
B000OWEQ86	227
B000OZB0A0	228
B000OZU808	229
B000OZZ89E	230
B000P0H3DW	231
B000P215Q6	232
B000P238U2	233
B000P56XPG	234
B000P58U5C	235
B000P58W00	236
B000PAOHCW	237
B000PHFIYG	238
B000PI7W5S	239
B000PIILVC	240
B000PJWSC4	241
B000PTYJE4	242
B000PXUA5W	243
B000PY2MWA	244
B000PY2MX4	245
B000PY8B7U	246
B000Q8F5VU	247
B000QISEBS	248
B000QIXWXS	249
B000QU5O28	250
B000QU69FY	251
B000R4GJYU	252
B000RA7542	253
B000RMPYE8	254
B000ROE4JC	255
B000ROGB20	256
B000RPUSLO	257
B000S9DF6O	258
B000SDXNRQ	259
B000SKNZW2	260
B000SKUFWK	261
B000SUV754	262
B000SZMOGA	263
B000SZPZV6	264
B000SZSUFO	265
B000SZSVAI	266
B000SZUZL6	267
B000TG4LKK	268
B000TIVWJG	269
B000TK6IMA	270
B000TYKWLE	271
B000U5KAJQ	272
B000U7XHB2	273
B000U87BKO	274
B000UANLGU	275
B000UNZODA	276
B000UPPR44	277
B000UQY9AQ	278
B000UV3G2S	279
B000UW9P36	280
B000V97SUU	281
B000VE43SU	282
B000VGX9NI	283
B000VI8UX0	284
B000VI8VBG	285
B000VIAOJ8	286
B000VIAOMU	287
B000VKH7UK	288
B000VLOBVW	289
B000VLTJU0	290
B000VO77G0	291
B000VOB42I	292
B000VTRUWG	293
B000W3Z8JS	294
B000W401OE	295
B000W4522A	296
B000W5SDR0	297
B000W5TY78	298
B000W8OXGC	299
B000WAMU1A	300
B000WCVZZK	301
B000WCXK94	302
B000WG3ZR2	303
B000WG5MMI	304
B000WJZMLQ	305
B000WK1J9Y	306
B000WK6CIM	307
B000WK8V9A	308
B000WKX6MW	309
B000WNHK0S	310
B000WNOGIC	311
B000WYSPL0	312
B000WZIKNW	313
B000X0393C	314
B000X1VPSM	315
B000X3IOUC	316
B000XH7JB8	317
B000XKFCM8	318
B000XKG2WC	319
B000XKGZTC	320
B000XKHBP4	321
B000XKI8WE	322
B000XKKLG0	323
B000XRK45G	324
B000XS9C62	325
B000XYQYBM	326
B000Y6AH5I	327
B000YA38AK	328
B000YDOIBA	329
B000YDU56M	330
B000YDZTYK	331
B000YHST3O	332
B000YXLB9C	333
B000Z40PJW	334
B000ZMB1GU	335
B0010OTRTU	336
B00115CJMU	337
B0011WKHL8	338
B0012H6A5O	339
B0012ISQO6	340
B0012QFBLE	341
B00131C9MM	342
B001351YR4	343
B001351ZBE	344
B00138YJYQ	345
B0013EXWW0	346
B0013I3NUM	347
B00141A9P0	348
B0014GU16C	349
B0014JTIZE	350
B0014LXGI2	351
B0015AO7Q2	352
B0015AOAK0	353
B0015ASIM6	354
B0015ASJF2	355
B0015BSR94	356
B0015MDVTO	357
B0015MF7EG	358
B00160DH6C	359
B00160FIVE	360
B00160GPES	361
B00163OWEK	362
B001655CBU	363
B001680UNC	364
B00169OAKK	365
B0016B4GK2	366
B0016N5YA6	367
B0016O1D7I	368
B0016OZH84	369
B0016P4U22	370
B0016XJ5PQ	371
B00171T91M	372
B001788KXS	373
B00178SIHQ	374
B00178VHO2	375
B0017Q54F2	376
B0017QA98O	377
B0017U1KBK	378
B0017ZZ3KO	379
B00181BF90	380
B00181D6S8	381
B00186ZIDO	382
B00186ZL3Q	383
B00189Z0JS	384
B00189Z11K	385
B0018HRMFA	386
B0018HV2BK	387
B0018HYBYK	388
B0018IA4IQ	389
B0018SPBPW	390
B0018SQ5U2	391
B0018SQ6XI	392
B0018STF04	393
B0018SU6RA	394
B0018SU96I	395
B0018SXVRC	396
B0018TAOGM	397
B00192RP10	398
B00195ED5I	399
B00195EE9S	400
B0019BIF0Q	401
B0019LREZI	402
B0019LT4BA	403
B0019LT4BU	404
B0019MJY50	405
B0019R14SA	406
B0019RHRRM	407
B0019SX040	408
B0019TV6EK	409
B0019UDHYG	410
B0019ZNAYS	411
B0019ZX2TG	412
B0019ZZ5TQ	413
B001A1RW90	414
B001A1VK7U	415
B001AFC4X0	416
B001AG7QA0	417
B001AGYGIK	418
B001AGYGR6	419
B001AHUTC6	420
B001AM612I	421
B001AN6CCQ	422
B001AOJELQ	423
B001AQM5W4	424
B001AS8VWU	425
B001ASHYDC	426
B001AT23LY	427
B001ATF5QY	428
B001ATTK9C	429
B001AVUYQ8	430
B001AWETL8	431
B001AWYR06	432
B001AWYRZG	433
B001AZXW8G	434
B001B1OI46	435
B001B35KJG	436
B001BBWLV8	437
B001BFXA6Y	438
B001BHXMYW	439
B001BJT2SU	440
B001BL1JGQ	441
B001BZ2DQC	442
B001BZ2EY8	443
B001BZ3XOS	444
B001C4ZN9G	445
B001CCURA8	446
B001CCURAS	447
B001CCURF8	448
B001CCVV8K	449
B001CH2M56	450
B001CH6V5I	451
B001CH7L6G	452
B001CIXV8M	453
B001CJQC2S	454
B001CJQXO0	455
B001CJWFZ6	456
B001CKOJSG	457
B001CP3OAA	458
B001CR75XK	459
B001CSBF1C	460
B001CSM3GI	461
B001CTKYKY	462
B001CVPLPK	463
B001CWZ654	464
B001D20VD0	465
B001DBLLSA	466
B001DTCWXK	467
B001DZ4RLO	468
B001E1GCV0	469
B001E456CI	470
B001E5ZWF8	471
B001EIO0J4	472
B001EIPEFI	473
B001EIPLZ6	474
B001EQ0TTQ	475
B001ETQKGY	476
B001ETUG5A	477
B001EZ3UH0	478
B001F05JIC	479
B001F13NU2	480
B001F21L5K	481
B001F7NKKY	482
B001F9ST26	483
B001F9UG6S	484
B001FBKKW6	485
B001FCZ9CG	486
B001FERFQC	487
B001FYW1HU	488
B001G0DQI6	489
B001G50U1C	490
B001G8BRXE	491
B001GAU6JI	492
B001GBFOLC	493
B001GBHKN2	494
B001GBLMIG	495
B001GGBS5S	496
B001GKCUQU	497
B001GTKPEK	498
B001GUQ9G2	499
B001H1L09Q	500
B001H3QJ6S	501
B001HB6B5E	502
B001HGGMM6	503
B001HGLDQG	504
B001HRPW3K	505
B001HTZIZU	506
B001HU18VW	507
B001I0H6XK	508
B001I0OEIU	509
B001I3NZFK	510
B001I85W6A	511
B001IAUKOW	512
B001IGYX0S	513
B001IMP702	514
B001J8GKKQ	515
B001JT3QDY	516
B001K38RMY	517
B001KAKC0C	518
B001KOUJZG	519
B001KOUOLK	520
B001KQYZ0O	521
B001KQZ91S	522
B001KR0BUG	523
B001KTORYU	524
B001KTVIHE	525
B001KYFRFI	526
B001L1ASPE	527
B001L2UL0A	528
B001LEK4KU	529
B001LELBZM	530
B001LF2SJ4	531
B001LF2U6K	532
B001LIHU7Q	533
B001LMRYXW	534
B001LRPQ50	535
B001LRPQFA	536
B001LRPS2G	537
B001LZEENC	538
B001M5GK4W	539
B001M9JDGU	540
B001MHEYK2	541
B001MU3JT6	542
B001MU6R7W	543
B001MX7LS8	544
B001MYB5YI	545
B001N44062	546
B001NABK28	547
B001NABMQ2	548
B001ND2BMI	549
B001ND9BBC	550
B001ND9BBM	551
B001NDBCZK	552
B001NP9GB0	553
B001NXDOOM	554
B001O0DN8G	555
B001O0EHZE	556
B001O2Y5SQ	557
B001P4CPX0	558
B001P7BHPE	559
B001PBEOM8	560
B001PBEP1S	561
B001PDA66O	562
B001PGWUIS	563
B001PTGJIM	564
B001PTGM2U	565
B001PTGN6U	566
B001QDF8TS	567
B001QDKDPM	568
B001QXCDCI	569
B001R4C8Y4	570
B001R4C9ES	571
B001R4CA9C	572
B001R4CC9K	573
B001R4CDIU	574
B001RCSUYS	575
B001RCWWTW	576
B001RE86ZY	577
B001RFHBRM	578
B001RFLEK2	579
B001RFLEUM	580
B001RFLEX4	581
B001RI9GAE	582
B001RNOA82	583
B001S79SPM	584
B001T3M9WO	585
B001T9O44O	586
B001TJR1BM	587
B001TQGWOM	588
B001U0ISQM	589
B001U0OUH8	590
B001U0OV2C	591
B001U2W6KY	592
B001U2W7JE	593
B001U326PI	594
B001U88TUE	595
B001U88UPS	596
B001UAL9FY	597
B001UAL9JK	598
B001UFG31O	599
B001UJIA0C	600
B001UQ6STK	601
B001UV4Y82	602
B001V5SXSO	603
B001VC4SAE	604
B001VCZ4F2	605
B001VE6H1U	606
B001VH6Z14	607
B001VKW0VU	608
B001W01Z4C	609
B001W354YQ	610
B001W859IW	611
B001WP1ZQ0	612
B001WP3YW8	613
B001XUQQJ0	614
B001XUQQNQ	615
B001YZEJAM	616
B0020JN95M	617
B0021LA19G	618
B0023ALX42	619
B0023ALXMO	620
B0023ANYQW	621
B0023ARULW	622
B0023B2FH0	623
B0023B2WQY	624
B0023B36NM	625
B0023RT1P8	626
B0024AXYT8	627
B0025ESPNS	628
B002618DBE	629
B00265GPK6	630
B0026FBIH6	631
B0026JGGZG	632
B0026N8A5Q	633
B0026NDRRM	634
B0026P36M6	635
B0026RFDYI	636
B00274QFEM	637
B0027CU2Y8	638
B0027KM72A	639
B0028RXRKS	640
B0028S44CC	641
B0028Y4V7O	642
B0028Y52S6	643
B00296SU3W	644
B0029ANN4O	645
B0029DNMJM	646
B0029DNPKS	647
B0029DNPXU	648
B0029DNQ2K	649
B0029DNS3C	650
B0029DOQCO	651
B0029IOKNY	652
B0029U0WAW	653
B0029U0XYM	654
B0029U0Y32	655
B0029U0Y6Y	656
B0029U0ZEU	657
B0029XG26C	658
B0029Z42XK	659
B002A9MAU2	660
B002AIESZ8	661
B002AM5IOO	662
B002AN6B9O	663
B002AROW78	664
B002ASZ0HI	665
B002AT6MIS	666
B002AW5XBC	667
B002AWCB3A	668
B002BU99EK	669
B002BW0LZO	670
B002BWP5DC	671
B002C4JZQW	672
B002C4K1IS	673
B002C4K2X2	674
B002CMMWB4	675
B002CO2K6E	676
B002CO2U1O	677
B002CP9XIQ	678
B002CVTOSY	679
B002D40RUE	680
B002D47TD2	681
B002DMJK0Y	682
B002DMJKAO	683
B002DMJL26	684
B002DMJM2K	685
B002DQZ8TC	686
B002DVXG7I	687
B002DW9LIA	688
B002DW9OGO	689
B002E9GRSO	690
B002E9XD4U	691
B002EDS1HA	692
B002EL3KQE	693
B002EL3LZE	694
B002EL3MCQ	695
B002EMDCCK	696
B002EMDF2C	697
B002ERJFTE	698
B002EU9KWI	699
B002EWUXSG	700
B002EWUXXG	701
B002F9NH68	702
B002F9NH7W	703
B002FGU6N8	704
B002FQJ40E	705
B002FQJ5N0	706
B002FTLO54	707
B002FTLP08	708
B002GCL658	709
B002GE2ZZG	710
B002GE7SZI	711
B002GIXPIS	712
B002GJ5IU0	713
B002GP0L74	714
B002GP82GQ	715
B002GU5XBS	716
B002I4EV7Y	717
B002I51IF6	718
B002I9NSFU	719
B002IR84F6	720
B002IR9ZEU	721
B002IRBPLQ	722
B002IRF2BA	723
B002IVUN2E	724
B002IWZLHU	725
B002JINSLE	726
B002JIO5M0	727
B002JIO73W	728
B002JIO8V8	729
B002JKZU4A	730
B002JL1ZUC	731
B002JPJEOM	732
B002JPJF8C	733
B002JPJFNW	734
B002JPJHKI	735
B002JPJHYE	736
B002JTHNVY	737
B002L0IQ5I	738
B002L0KUES	739
B002L6HQ1C	740
B002L7CV5W	741
B002LAR1OA	742
B002LF9SWS	743
B002LF9TQI	744
B002LKON8C	745
B002LLAKH4	746
B002LMEELQ	747
B002LMNM2S	748
B002LVV60E	749
B002LYZBW0	750
B002M3TKCW	751
B002M3TKHM	752
B002M3TKLI	753
B002M3TKPY	754
B002M442LU	755
B002MCYVAY	756
B002MH3OH0	757
B002MKPKFG	758
B002MUKJ3E	759
B002MXY6W6	760
B002N4LT3I	761
B002NESYDQ	762
B002NLOJME	763
B002NPCIMS	764
B002NPCIOQ	765
B002NPCIPK	766
B002NPCIQE	767
B002NPCJ5E	768
B002NPCJ68	769
B002O0A16W	770
B002O168FE	771
B002O169T4	772
B002O4ECYA	773
B002OAG346	774
B002OCZHEG	775
B002ODEYE4	776
B002OEBE3W	777
B002OFU5OK	778
B002OFVA2Q	779
B002OGD8C0	780
B002OGDCXK	781
B002OHEEG8	782
B002OIH0CC	783
B002OMWZEG	784
B002OSQ0KK	785
B002OSWQWQ	786
B002OSWTPU	787
B002OSWTSW	788
B002OUO8N4	789
B002PBP7IW	790
B002PJSPW4	791
B002PJY5RI	792
B002PK59L8	793
B002PNLITM	794
B002R0F6YQ	795
B002R0F75Y	796
B002R0F7FO	797
B002R0F7PY	798
B002R0F7WM	799
B002R0F80I	800
B002R0F83A	801
B002R0F85I	802
B002R0F8OY	803
B002R0F998	804
B002R0F9HK	805
B002R0FAO2	806
B002R0FCJA	807
B002R0FD58	808
B002R0FD6C	809
B002R0FD7G	810
B002R0FD9Y	811
B002R0FDT4	812
B002R0FE16	813
B002R0FF7O	814
B002R0FFQU	815
B002R0FGL4	816
B002RL93Q2	817
B002S57UGC	818
B002S5BABS	819
B002SCEXSI	820
B002SCKK30	821
B002SCNH0S	822
B002SVNHG8	823
B002SVUFMM	824
B002SW3E92	825
B002SZDPRA	826
B002T059P0	827
B002T6GT44	828
B002TLTROI	829
B002TLTS06	830
B002TLTS88	831
B002TLUF6W	832
B002TLUFDA	833
B002TTSF6Q	834
B002U0HJKW	835
B002U0LAKM	836
B002U0LBGU	837
B002UTJVMM	838
B002UUUN78	839
B002UUUNBE	840
B002UUUNEG	841
B002UV4MBU	842
B002UXQRXE	843
B002UXQS2O	844
B002UXQS6U	845
B002UXQS8S	846
B002VKHDYI	847
B002VS6QSE	848
B002WGCPK8	849
B002WHY7QM	850
B002WN1NHC	851
B002WWT89S	852
B002WWT9J2	853
B002XGI6B4	854
B002XVEEVA	855
B002YDGTYM	856
B002YK5WPW	857
B002Z2I3GE	858
B002Z9J9QA	859
B002ZAUA0I	860
B002ZB8M2A	861
B0030AA57K	862
B0030D2FB6	863
B0030F3N24	864
B0030H69XM	865
B0030KF8TU	866
B0030MIIA4	867
B0030ZR4DI	868
B00318B6R4	869
B0032FO9JI	870
B0032FODKI	871
B0033RIUB8	872
B0033Y6X6K	873
B0033Z79OY	874
B003479D18	875
B0034KU9ZY	876
B0034KY1LC	877
B00357SVII	878
B00357XGQ0	879
B00359J9GY	880
B0035DG9WC	881
B0035F9TO0	882
B0035OZWSS	883
B0035RJN3A	884
B003607QSK	885
B00360SP30	886
B00361F8CK	887
B00362QGW0	888
B00362TWHQ	889
B00365F7AE	890
B00367LZQ2	891
B0036F9LVK	892
B0036FZCEK	893
B0036UQVEK	894
B00376N52O	895
B00378WOL0	896
B00378YRJW	897
B00379SBCA	898
B0037HS1U4	899
B0037HTT2I	900
B0037HTT3C	901
B0037HTT6O	902
B0037HXQQ8	903
B0037KMI1O	904
B0037KMI5U	905
B0037KMJXQ	906
B0037M2OSO	907
B0037NYFV2	908
B0037NYWMO	909
B0037NYWRY	910
B0037SK084	911
B0037TIDY6	912
B0037YPBWI	913
B0037YU9Y8	914
B0037Z6O2S	915
B00381ACAG	916
B00381ACQ0	917
B003824RPG	918
B003828R16	919
B0038357AE	920
B003836JM4	921
B00385WYZS	922
B00385WZ1G	923
B00385WZ70	924
B00386Y02C	925
B00389TK5Q	926
B00389VKDQ	927
B00389VMMA	928
B00389XJ44	929
B00389XLEC	930
B0038AF856	931
B0038KJ32A	932
B0038M1XSA	933
B0038M1XTO	934
B0038M1XVW	935
B0038M1XXU	936
B0038OM2FQ	937
B0038QIITS	938
B0038Z2HU0	939
B00390DRDU	940
B0039BV50Q	941
B0039NN9GC	942
B0039NNPMU	943
B0039OVIZA	944
B0039YO1SG	945
B003A5QY5M	946
B003AAYQIE	947
B003AHE1UU	948
B003ALLENS	949
B003AP09M6	950
B003APLQFA	951
B003ARTEV6	952
B003ARTP3S	953
B003ARTQ9Q	954
B003ARTTUW	955
B003ARTWR2	956
B003ARTZ42	957
B003ATTOL4	958
B003ATVS6I	959
B003AVEU6G	960
B003AVKOP2	961
B003AVNY6I	962
B003B3NFWI	963
B003B3NPGY	964
B003BLP8B6	965
B003BLP9MO	966
B003BLPA00	967
B003BSMM1I	968
B003BVK71C	969
B003BXEER8	970
B003C1QRDS	971
B003C1QRFQ	972
B003C4GWZI	973
B003CFBS92	974
B003CT4WT6	975
B003CT4WTQ	976
B003D0U356	977
B003DDI5V2	978
B003DKJXC0	979
B003DLS8D4	980
B003DNR9I2	981
B003DWWAR8	982
B003E1OQSY	983
B003E47Z8Y	984
B003E8ENJ4	985
B003EAHF9W	986
B003EE6F6C	987
B003EE7XGS	988
B003EE9O4W	989
B003EEH7NM	990
B003EI8PIE	991
B003ELQ6PK	992
B003ELQ8EY	993
B003ELQ8US	994
B003ELQ95W	995
B003ER2UPY	996
B003EV5KB6	997
B003EV5NPY	998
B003F1FDTY	999
B003FKXW2K	1000
B003FST5UK	1001
B003FSTPUA	1002
B003FSTQ4U	1003
B003FSTQCW	1004
B003FSTQV8	1005
B003FSTRIU	1006
B003FSTT1U	1007
B003FZQJW0	1008
B003G53VSO	1009
B003G53XHS	1010
B003G5CKCW	1011
B003G5CKFE	1012
B003GDIHJ4	1013
B003GDITVK	1014
B003GDIV7M	1015
B003GDIYDS	1016
B003GDJ2TI	1017
B003GGX50M	1018
B003H12KL6	1019
B003H1445G	1020
B003H1CMCI	1021
B003H28RYO	1022
B003H2AF3K	1023
B003H3OYL8	1024
B003H9LFNM	1025
B003H9LFNW	1026
B003H9LFPK	1027
B003H9LFVY	1028
B003H9LFXC	1029
B003HG0WAM	1030
B003HIXX88	1031
B003HLEDIO	1032
B003HZO0S8	1033
B003I4DR00	1034
B003IBEC7U	1035
B003IBG57K	1036
B003IBI6P4	1037
B003IBI71M	1038
B003IBIG6I	1039
B003IBIHFS	1040
B003IBIHP8	1041
B003IBIKDW	1042
B003IBJTH8	1043
B003IBKD8W	1044
B003IBLJ4Y	1045
B003IBMABA	1046
B003IBMFXS	1047
B003IBMHY0	1048
B003IBMXLW	1049
B003IBPC4M	1050
B003IBPJHW	1051
B003IBPR4C	1052
B003IBQ2XW	1053
B003IFH8X6	1054
B003IGGHVY	1055
B003IKNFO2	1056
B003ILDXF2	1057
B003IRFOU8	1058
B003IT6KB8	1059
B003IWRENS	1060
B003JCYNRM	1061
B003JH8YWC	1062
B003JJIM7C	1063
B003JZASFK	1064
B003JZATE0	1065
B003JZCJDE	1066
B003KJKNCI	1067
B003KN3OES	1068
B003KN3P1U	1069
B003KN3PFQ	1070
B003KN3RP4	1071
B003KN3S2Q	1072
B003KTN4YM	1073
B003KZ2A3C	1074
B003L2OASM	1075
B003LTHPTG	1076
B003LVYENE	1077
B003LVYEPW	1078
B003M1RIRW	1079
B003M2G0SY	1080
B003M2Y0WC	1081
B003MT07Y0	1082
B003MVKQ9E	1083
B003N9BGT4	1084
B003NE67WK	1085
B003NYCC9W	1086
B003OBXUAE	1087
B003OUWN8A	1088
B003P0WNBQ	1089
B003PJ6H00	1090
B003PSVYPE	1091
B003QHY4JW	1092
B003QHY82U	1093
B003QHY8TS	1094
B003QHYA9G	1095
B003QHYCMG	1096
B003QSQCIC	1097
B003R1DM04	1098
B003RYSK5S	1099
B003SFI7SQ	1100
B003SI411K	1101
B003SYYUCY	1102
B003TFEJBO	1103
B003TWOV2O	1104
B003TY9QDQ	1105
B003U4V48A	1106
B003U5K7HI	1107
B003U68LXE	1108
B003UEEY0K	1109
B003UM99FC	1110
B003UYTSUQ	1111
B003VM9Z6Y	1112
B003VNGC1O	1113
B003VPOBQU	1114
B003VPOBSI	1115
B003VPQC3A	1116
B003VQR8BY	1117
B003VRVT9A	1118
B003VSQWKU	1119
B003VWBP0I	1120
B003VWCSHC	1121
B003VWCSHW	1122
B003VWCSIG	1123
B003VZA9N4	1124
B003W5YAUG	1125
B003WQKBMQ	1126
B003WXQI58	1127
B003WYGYRO	1128
B003XCSLNU	1129
B003XCXLUI	1130
B003XG08MS	1131
B003XNSEV8	1132
B003XQN73U	1133
B003XVYCGQ	1134
B003XVYDJ2	1135
B003XVYMBQ	1136
B003YCC9V4	1137
B003YCJGYW	1138
B003YOKY32	1139
B003YQOO2W	1140
B003Z6Q4FG	1141
B003Z6Q4JC	1142
B003Z9C7PO	1143
B003Z9DBMM	1144
B003Z9K8KU	1145
B003Z9KA0S	1146
B003Z9LPFW	1147
B003ZACTFG	1148
B003ZAF7YG	1149
B003ZDON52	1150
B003ZDONK2	1151
B003ZDONKW	1152
B003ZWZB72	1153
B003ZWZB8Q	1154
B00400OLNI	1155
B00400OPUW	1156
B00400QG0O	1157
B00400RZEU	1158
B00401V88I	1159
B00401VBO4	1160
B00401VJ32	1161
B00401VNAG	1162
B00401XOOO	1163
B00401YLI2	1164
B00401Z4DS	1165
B00401Z5VE	1166
B00401ZA5U	1167
B00401ZGX6	1168
B004021D2S	1169
B004023ZYW	1170
B0040295VE	1171
B00403M7X6	1172
B00403MP2O	1173
B00403MW54	1174
B00403N9EM	1175
B00403N9L0	1176
B00405KOXE	1177
B0040895Y0	1178
B004089B76	1179
B004089PMW	1180
B00408A14S	1181
B00409DKA4	1182
B0040L3PJ8	1183
B0040LJRW2	1184
B0040MM70A	1185
B0040ZNCFQ	1186
B0040ZNLSY	1187
B00411XD6W	1188
B004140VLE	1189
B0041HNU2S	1190
B0041P5T6A	1191
B0041Q3XJ4	1192
B0041Q4O60	1193
B0041RYAWM	1194
B0041T255Y	1195
B0041Y3OF4	1196
B0041YAFEM	1197
B00427YIY6	1198
B00427YJHC	1199
B00427YP6W	1200
B00427YQRU	1201
B00427YU7Q	1202
B00427YUTY	1203
B00427YW9M	1204
B004285V1E	1205
B0042AO13G	1206
B0042AO19K	1207
B0042BUAQM	1208
B0042D6Y5G	1209
B0042D72DO	1210
B0042D7IVU	1211
B0042D7Q8K	1212
B0042D80CG	1213
B0042D8AL2	1214
B0042ESPCA	1215
B0042HN32O	1216
B0042JSTX0	1217
B0042U0M5M	1218
B0042U44R4	1219
B0042YY7PO	1220
B0042Z1GSO	1221
B0042Z1GSY	1222
B0042Z1GT8	1223
B0042Z1GTI	1224
B0042Z1GU2	1225
B0042Z1GWU	1226
B0042Z5BAI	1227
B004353AGE	1228
B004353AKK	1229
B00439H87M	1230
B00439H92G	1231
B0043EVYOA	1232
B0043EWGO2	1233
B0043EWHAA	1234
B0043FYV1W	1235
B0043G0JXK	1236
B0043M6COO	1237
B0043M6DAC	1238
B0043M6FDM	1239
B0043O6UA8	1240
B0043O73IG	1241
B0043WFC4U	1242
B0043WIETU	1243
B0043XIWCI	1244
B0043XP8YS	1245
B00440DFHC	1246
B00440DKRC	1247
B004446VHO	1248
B0044569N4	1249
B004456AEM	1250
B0044788B8	1251
B004479B1E	1252
B0045214MC	1253
B00457X9EI	1254
B00457XA6A	1255
B0045KYG3I	1256
B0045UA2JU	1257
B00468RO6U	1258
B0046JFGOG	1259
B0046ZRC8I	1260
B0046ZRV02	1261
B00473LGGS	1262
B00479W0LM	1263
B0047E173O	1264
B0047E44AM	1265
B0047EBC0W	1266
B00480L1FG	1267
B00487CUK4	1268
B0048KXQYK	1269
B00492BYFU	1270
B0049DLT4K	1271
B0049UYUXU	1272
B0049ZLC6I	1273
B004A90NUO	1274
B004A90P8E	1275
B004AAUM9K	1276
B004AG20HQ	1277
B004AGKE1K	1278
B004ALNS0E	1279
B004AROJRY	1280
B004ARQ5A8	1281
B004ARS2OU	1282
B004ARTQZ4	1283
B004ARXF4W	1284
B004ARZG62	1285
B004AS1GQU	1286
B004BA58J8	1287
B004BA7J4A	1288
B004BH9SCO	1289
B004BPZ0NC	1290
B004BQ0UEK	1291
B004BYHURC	1292
B004C1NUVO	1293
B004C4HYKE	1294
B004C94YVG	1295
B004CO2V8Y	1296
B004CO30RU	1297
B004CO4LBE	1298
B004CO51AY	1299
B004CO6UGI	1300
B004CSN36O	1301
B004D1H8XE	1302
B004D2FS7Q	1303
B004D43R68	1304
B004DEPO82	1305
B004DEQMX8	1306
B004DGJ01C	1307
B004DL1P0G	1308
B004DL1P5G	1309
B004DL1PQA	1310
B004DL1QEG	1311
B004DL1QOG	1312
B004DMYMSW	1313
B004DNWD64	1314
B004EHXZ1Q	1315
B004EKO81E	1316
B004F79BPY	1317
B004FGMWRE	1318
B004FGMWRY	1319
B004FLKN5M	1320
B004FWY6XG	1321
B004GEAGZA	1322
B004GEAKJC	1323
B004GEATZ2	1324
B004GEAXRQ	1325
B004GG8D3K	1326
B004GKJCBI	1327
B004GUYQQY	1328
B004H20RJ6	1329
B004H23HCK	1330
B004H8X3R8	1331
B004HEYOO8	1332
B004HKGUP8	1333
B004HWZQJ2	1334
B004HYHOIQ	1335
B004HZEYLA	1336
B004HZYETC	1337
B004HZYFA0	1338
B004HZYFOG	1339
B004I5C4CU	1340
B004I5C5ME	1341
B004I6DH98	1342
B004I6DHGG	1343
B004I6DI5Q	1344
B004I6DJ4G	1345
B004I8WSW8	1346
B004IARDW6	1347
B004IK85WS	1348
B004ILT36Y	1349
B004IM294G	1350
B004IPQG2Y	1351
B004ISKLKE	1352
B004ISKM7Q	1353
B004ISLUGI	1354
B004J2ZOD8	1355
B004JF5R1Y	1356
B004JKLNEY	1357
B004JKLO9I	1358
B004JKLQEG	1359
B004JKLQGO	1360
B004JKLUFG	1361
B004JN04BO	1362
B004JN05R2	1363
B004JN07JS	1364
B004JN083I	1365
B004JN0TNC	1366
B004JN0UQ8	1367
B004JRHIFA	1368
B004JVCMHU	1369
B004KKXVJS	1370
B004KKY5XO	1371
B004KKY79G	1372
B004KNDRG2	1373
B004KZ09N4	1374
B004L6CJMQ	1375
B004L99H4G	1376
B004L9M5I6	1377
B004LC33FM	1378
B004LH7I80	1379
B004LL46YU	1380
B004LL63B4	1381
B004LLG76K	1382
B004LQ1684	1383
B004LQ16BQ	1384
B004LROYCS	1385
B004LROYIM	1386
B004LVTFD2	1387
B004LVYE2O	1388
B004LWZZZ8	1389
B004LX05T8	1390
B004LYCNBK	1391
B004M554X2	1392
B004MC0Q4M	1393
B004MKBRVA	1394
B004MKRMC8	1395
B004MKRNMC	1396
B004MMFKM0	1397
B004MMFWJG	1398
B004MOA7WQ	1399
B004MOAFMI	1400
B004MOAG40	1401
B004MY3VJC	1402
B004MY54L0	1403
B004MY5NMU	1404
B004MY5TTW	1405
B004MY5XRK	1406
B004MY67SO	1407
B004N625I2	1408
B004N639F0	1409
B004N639UK	1410
B004N63A7M	1411
B004N70HZY	1412
B004N83P3O	1413
B004N84BJ6	1414
B004N84HS6	1415
B004N84SLC	1416
B004N84T3Y	1417
B004NATTPA	1418
B004NECDB8	1419
B004NEFA3G	1420
B004NEK2TI	1421
B004NGK3EK	1422
B004NGKL1A	1423
B004NGM050	1424
B004NGQ39Y	1425
B004NN9YVG	1426
B004NPM93Y	1427
B004NS66LW	1428
B004NS6Z7M	1429
B004NS8FZM	1430
B004NYCZSY	1431
B004O2SYVW	1432
B004O4C6YQ	1433
B004O4CAZ6	1434
B004O4CK88	1435
B004O4CM8Q	1436
B004O4DTSI	1437
B004O6LCW6	1438
B004OA7A50	1439
B004OBJL4M	1440
B004OBKLLE	1441
B004OCH9RM	1442
B004OCHRGK	1443
B004OEIQHC	1444
B004OGTD90	1445
B004OI2MDC	1446
B004OVDJCW	1447
B004OWJAG0	1448
B004OWLI4W	1449
B004OZEF76	1450
B004P1HPFS	1451
B004P1VT1O	1452
B004P47XGQ	1453
B004P54M1O	1454
B004PAFUTM	1455
B004PBNKMA	1456
B004PBOPTM	1457
B004PEI44G	1458
B004PEI45U	1459
B004PEI4JG	1460
B004PEI4N2	1461
B004PEI4S2	1462
B004PFNR60	1463
B004PFRK36	1464
B004PFT5HK	1465
B004PFXKDU	1466
B004PJ7244	1467
B004PJ725S	1468
B004PZAWUY	1469
B004QGW4JY	1470
B004QL5MSY	1471
B004QL9SH0	1472
B004QL9U7I	1473
B004QL9YUG	1474
B004QLAYUA	1475
B004QLB1ZC	1476
B004QLBTD6	1477
B004QLD9BQ	1478
B004QLDIF8	1479
B004QLH0F2	1480
B004QMP76A	1481
B004QWYCVG	1482
B004QWYIQU	1483
B004QXYPOO	1484
B004QZBIQU	1485
B004R17HE0	1486
B004R17K2Y	1487
B004R6W0HE	1488
B004R8O390	1489
B004R8RMHK	1490
B004REL8TW	1491
B004RIQ4GU	1492
B004RISUBC	1493
B004RKY56O	1494
B004RKYHQM	1495
B004RLOABS	1496
B004RLOB2Q	1497
B004RLQ75A	1498
B004RLS3LQ	1499
B004RQDREY	1500
B004RQGS9A	1501
B004RQMD1M	1502
B004RTJYKC	1503
B004RUDRY0	1504
B004RZKX0G	1505
B004S08HE4	1506
B004S5VDP4	1507
B004S7SV9S	1508
B004S7SVBG	1509
B004S85JJW	1510
B004S85L6I	1511
B004S8EGPU	1512
B004S909PA	1513
B004S909PK	1514
B004S90E14	1515
B004S90F0Y	1516
B004S90GOE	1517
B004S90GVW	1518
B004SJ9UMS	1519
B004T0WTRO	1520
B004T0YVZ2	1521
B004T19U7U	1522
B004T32U0M	1523
B004T32U8Y	1524
B004TDWITU	1525
B004THS04S	1526
B004TQ65ZK	1527
B004TR4HQI	1528
B004TRZT06	1529
B004TVH9XM	1530
B004TVHACC	1531
B004TXXE3Y	1532
B004U431PI	1533
B004U4ROXI	1534
B004U5F8R6	1535
B004UDQD40	1536
B004UFA2Q8	1537
B004UFA3BM	1538
B004UINON8	1539
B004UKAPPG	1540
B004UKB9P6	1541
B004UM7JBW	1542
B004UOTP9Y	1543
B004UOUDLS	1544
B004UPNG66	1545
B004UPU4HK	1546
B004UQJ6KU	1547
B004URS3F8	1548
B004UUDE22	1549
B004UUDFGM	1550
B004UUDFKI	1551
B004UUDFNA	1552
B004UUDFRQ	1553
B004UUDFUI	1554
B004UUHANQ	1555
B004UUHFIG	1556
B004UUHHJI	1557
B004UUHIYC	1558
B004UUHK9K	1559
B004UUHKC2	1560
B004UUHLKS	1561
B004UUIF6C	1562
B004V193X4	1563
B004V8NULI	1564
B004VB9VZY	1565
B004VCLJVM	1566
B004VCTIEC	1567
B004VHC1EG	1568
B004VHF9Q8	1569
B004VJN5WQ	1570
B004VMOEQY	1571
B004VPGR8O	1572
B004VQWVL0	1573
B004VRD84S	1574
B004W6IS1Q	1575
B004W7D0JU	1576
B004WCTR74	1577
B004WHW7DK	1578
B004WHWB4K	1579
B004WHWNWA	1580
B004WI1XAW	1581
B004WK8RQS	1582
B004WPHOUI	1583
B004WPHSW2	1584
B004WYN9C6	1585
B004WYNPPW	1586
B004WYX2V4	1587
B004X0PSB4	1588
B004X0PSJQ	1589
B004X57FBA	1590
B004X8R814	1591
B004XAEQCG	1592
B004XDM0XU	1593
B004XJB54O	1594
B004XJBFJE	1595
B004XJC5NO	1596
B004XJDW2W	1597
B004XJGE8Q	1598
B004XNLJ5K	1599
B004XQZ7A0	1600
B004XUF76K	1601
B004XUF8IC	1602
B004XUF8R8	1603
B004XV37WA	1604
B004XV3G76	1605
B004XVU60Q	1606
B004XVU8K4	1607
B004XVUYRG	1608
B004XYIZNI	1609
B004XYJXL6	1610
B004Y1CFD6	1611
B004Y3JH6W	1612
B004Y7V71G	1613
B004YAU71E	1614
B004YE8GGI	1615
B004YE8IVG	1616
B004YJCOV6	1617
B004YM521M	1618
B004YO7AHE	1619
B004YODP5U	1620
B004YTOVGW	1621
B004YVF966	1622
B004YYXWJE	1623
B004YZ82RA	1624
B004YZ82RU	1625
B004YZ82VG	1626
B004YZ82Y8	1627
B004YZ86WQ	1628
B004Z0QHYE	1629
B004Z4FHWI	1630
B004Z4I4G4	1631
B004Z4LQQO	1632
B004Z57TEG	1633
B004ZBPQQ8	1634
B004ZCJNAC	1635
B004ZCK3R4	1636
B004ZCQCK6	1637
B004ZCW14C	1638
B004ZCW8AE	1639
B004ZELDXK	1640
B004ZHST5W	1641
B004ZHWMT6	1642
B004ZIT63U	1643
B004ZITHZC	1644
B004ZKIQSO	1645
B004ZWHEDA	1646
B004ZWN7FE	1647
B004ZWQP76	1648
B00500ZDWU	1649
B00502KG0C	1650
B00505DPS4	1651
B00506S4AC	1652
B0050DDBVM	1653
B0050O4YF8	1654
B0050T7BBM	1655
B0050T7G62	1656
B0050TRMVQ	1657
B0050TRRKM	1658
B0050U7C8I	1659
B0050UGDJC	1660
B00511N6HW	1661
B00511OH70	1662
B00517MAKK	1663
B00518IJRM	1664
B0051EEWYA	1665
B0051EF0DC	1666
B0051IDMH4	1667
B0051L5XJG	1668
B0051TJZTM	1669
B0051TODLM	1670
B0051TOEES	1671
B00525SG04	1672
B00525SG0O	1673
B00525SHDK	1674
B00526MWL2	1675
B00526S92S	1676
B00526S93C	1677
B00528C9OU	1678
B0052BGBGO	1679
B0052DYISA	1680
B0052GLMSG	1681
B0052HKK4M	1682
B0052HKKYC	1683
B0052HV3SY	1684
B0052M0ZG0	1685
B0052OT36Q	1686
B0052QUG3I	1687
B0052RSNA0	1688
B0052SVMMK	1689
B0052TC6P6	1690
B0052VYFC6	1691
B0052XP2KS	1692
B0052YL9QI	1693
B00538F5OK	1694
B00538MR1E	1695
B0053TF4K4	1696
B00542WR6E	1697
B00542WS8Q	1698
B00542WTNU	1699
B005467DF0	1700
B0054IK8M8	1701
B0054TP5TI	1702
B0054TWXJI	1703
B0054Z2A3G	1704
B0054ZEQRY	1705
B00551WFR0	1706
B00552HGG4	1707
B00557TDOM	1708
B005580C14	1709
B00559RNWY	1710
B0055COY6Y	1711
B0055CPRJW	1712
B0055LIWMM	1713
B0055PS2FK	1714
B0055RSWMG	1715
B0055WQFQG	1716
B0055WQHOG	1717
B0055WQPH0	1718
B0055WQQK6	1719
B0055WZFQ2	1720
B0055WZFQC	1721
B0055WZFQW	1722
B00564B0UY	1723
B00564VAEK	1724
B00567JQ2U	1725
B0056B84X8	1726
B0056B868Q	1727
B0057M60BE	1728
B0057M60VY	1729
B0057MF3XK	1730
B0057MFPY2	1731
B0057MGN8E	1732
B0057MHN92	1733
B0057MHQAI	1734
B0057MIT2M	1735
B0057MJTLM	1736
B0057MK45M	1737
B0057Q0PI4	1738
B0057Q0Q4C	1739
B0057Q3Z4K	1740
B0058RNI8Q	1741
B0058XEDA2	1742
B0058XF3II	1743
B0058XG05S	1744
B0058XG2SS	1745
B0058XG92C	1746
B0058XNH0Y	1747
B0058XOLZO	1748
B0058XTU6O	1749
B0058XUJVO	1750
B0058YD2QC	1751
B0058YDA6E	1752
B0058ZISVA	1753
B00590U5Q0	1754
B00591OD5I	1755
B00592VBA2	1756
B00592VMNI	1757
B0059346JY	1758
B005934PWC	1759
B0059358NM	1760
B00593599A	1761
B00593Z8QO	1762
B00594GNJE	1763
B00595FAXS	1764
B00595NUIK	1765
B00597ISUI	1766
B00598MJAW	1767
B0059ANCDS	1768
B0059CL74W	1769
B0059FW0RW	1770
B0059JXXYW	1771
B0059KBBA4	1772
B0059LPXOS	1773
B0059MJN16	1774
B0059MO11I	1775
B005A4TQZQ	1776
B005A9RULI	1777
B005AABVXK	1778
B005AAZB5E	1779
B005AD3PTA	1780
B005AQB1W0	1781
B005AQMCVO	1782
B005AQMIYK	1783
B005AS784S	1784
B005AS8J0K	1785
B005ATMTVY	1786
B005ATUNQC	1787
B005AZMN3C	1788
B005AZW4TU	1789
B005AZW58A	1790
B005AZXZES	1791
B005B01FOE	1792
B005B1HK1K	1793
B005B27L1I	1794
B005B4PWDU	1795
B005B5T8WA	1796
B005B5TPBE	1797
B005B9G9Y6	1798
B005B9L5EA	1799
B005BC3DCY	1800
B005BEW6AW	1801
B005BGYE7I	1802
B005BJWXTG	1803
B005BQQ08O	1804
B005BRLHRM	1805
B005BZ33EO	1806
B005BZ3BV4	1807
B005BZ6XNM	1808
B005C6BAJW	1809
B005C82H10	1810
B005C8EH54	1811
B005C8H2SI	1812
B005C8OUXS	1813
B005C8PQFY	1814
B005CD38X6	1815
B005CEKWNE	1816
B005CI2OAY	1817
B005CJYR0S	1818
B005CKB0WA	1819
B005CKHBP0	1820
B005COWQH4	1821
B005COYKXC	1822
B005CPBU2K	1823
B005CPEUG8	1824
B005CPLYR6	1825
B005CSOK3S	1826
B005CUD3MA	1827
B005CUD4HO	1828
B005CUD5GE	1829
B005CUGLO2	1830
B005CVWYPG	1831
B005D65SCQ	1832
B005D66SXO	1833
B005D66T4W	1834
B005D6NMEW	1835
B005D6NMLA	1836
B005DC5VZE	1837
B005DC5W9E	1838
B005DDM5TS	1839
B005DEMIO4	1840
B005DEMPEM	1841
B005DEO00Y	1842
B005DLZEW0	1843
B005DMGP18	1844
B005DMXZGQ	1845
B005DMY7TU	1846
B005DMY8BM	1847
B005DNCWOQ	1848
B005DSLEQI	1849
B005DTBX22	1850
B005DTBYUS	1851
B005DTDP96	1852
B005DTTQL2	1853
B005E0LB4A	1854
B005E1EXDK	1855
B005E1EXE4	1856
B005E8NRSK	1857
B005EEIRQ6	1858
B005EGWCHE	1859
B005EIDC7G	1860
B005EIILBS	1861
B005EJ6NZS	1862
B005EJ6OC0	1863
B005EJ6P9C	1864
B005EJIOW8	1865
B005EKLWSK	1866
B005ELMZBW	1867
B005EM6F58	1868
B005EM6R1A	1869
B005EMOKEQ	1870
B005ENVQLA	1871
B005ENZCEW	1872
B005ENZDUU	1873
B005EO4ME2	1874
B005EO4MII	1875
B005EO53IG	1876
B005EO59X0	1877
B005EO5I90	1878
B005EPFZOC	1879
B005EPMO7S	1880
B005EQQJHI	1881
B005ERT8UM	1882
B005ERUTIM	1883
B005ERVI00	1884
B005ERX89O	1885
B005ERYP3C	1886
B005ERZ7F2	1887
B005ERZOSC	1888
B005ES0CTM	1889
B005ES0GUC	1890
B005F04WPO	1891
B005F17KYI	1892
B005FCWW6S	1893
B005FCWWIQ	1894
B005FCXV4K	1895
B005FDVN2Q	1896
B005FDVOZ2	1897
B005FDVOZC	1898
B005FDVP38	1899
B005FDVQBY	1900
B005FDVTBQ	1901
B005FDVYIY	1902
B005FDWKUU	1903
B005FHWT5C	1904
B005FI1Q4Q	1905
B005FI1VE6	1906
B005FM5Q3O	1907
B005FMBDD6	1908
B005FODIH8	1909
B005FUMVJ8	1910
B005FW572E	1911
B005FW8PR8	1912
B005FXEC3S	1913
B005FY7EIC	1914
B005G04D5W	1915
B005G08R22	1916
B005G0GQCA	1917
B005G0TBXQ	1918
B005G6N60O	1919
B005GC6V46	1920
B005GFU00Y	1921
B005GFUGBC	1922
B005GIOOXK	1923
B005GJ1YBY	1924
B005GJRMHE	1925
B005GKGIGO	1926
B005GLVEDU	1927
B005GOG0A4	1928
B005GPZM8Y	1929
B005GSV8YI	1930
B005GTZCWG	1931
B005GW1G6O	1932
B005GYW6MK	1933
B005H3BIU6	1934
B005HEK3X8	1935
B005HEKB26	1936
B005HEKJ5K	1937
B005HEKO32	1938
B005HEL382	1939
B005HEL7QA	1940
B005HEL9I6	1941
B005HELAUS	1942
B005HELLAW	1943
B005HELQ6Q	1944
B005HELYBS	1945
B005HEMD3Q	1946
B005HEMEBC	1947
B005HENM1S	1948
B005HEOBIG	1949
B005HEOSDO	1950
B005HEQBRK	1951
B005HEUS92	1952
B005HEWVBK	1953
B005HEWX5O	1954
B005HGY9CW	1955
B005HH9VSS	1956
B005HIM4F4	1957
B005HMIGIE	1958
B005HNOWWC	1959
B005HNOXMG	1960
B005HNQQ62	1961
B005HTPGRQ	1962
B005I18POO	1963
B005I6NXLE	1964
B005IHAOZ6	1965
B005IJJDAG	1966
B005J4GALK	1967
B005J4JNKK	1968
B005JA8LZW	1969
B005JA8OJK	1970
B005JA8OKO	1971
B005JA8SMS	1972
B005JA8U7Q	1973
B005JD3SO8	1974
B005JD3SPM	1975
B005JD3VKO	1976
B005JJ2762	1977
B005JJ2ARI	1978
B005JJ2PK0	1979
B005KCAI8C	1980
B005KCAJG8	1981
B005KCAM7Y	1982
B005KGCAHA	1983
B005KGCAVQ	1984
B005KQ2C8W	1985
B005LA6XZK	1986
B005LC6196	1987
B005LCNRZM	1988
B005LCSFWW	1989
B005LERHD8	1990
B005LS5CQ8	1991
B005LS9T5S	1992
B005LUS3FS	1993
B005LUS4ES	1994
B005LX34HM	1995
B005M1OF94	1996
B005MCNTNQ	1997
B005MH8SF0	1998
B005MM2LFI	1999
B005MZVXJA	2000
B005N3TXYI	2001
B005N3U6AI	2002
B005N738YA	2003
B005N73DHM	2004
B005NC4376	2005
B005NGS99U	2006
B005NGTBC4	2007
B005NXFNVK	2008
B005NYRPEC	2009
B005O14VXW	2010
B005O6FYRO	2011
B005OS2ZLK	2012
B005OVCW92	2013
B005OVIBP6	2014
B005OVIQLA	2015
B005OVKAY6	2016
B005OVKLX6	2017
B005OY46D4	2018
B005PKONUI	2019
B005PKONVW	2020
B005PKZ1I6	2021
B005PVKGEO	2022
B005Q5P914	2023
B005Q5PB9Y	2024
B005Q5PBAS	2025
B005Q5PIOM	2026
B005Q5TS5C	2027
B005Q6X8RA	2028
B005Q7E486	2029
B005QC7N84	2030
B005QC7OHE	2031
B005QC7T6U	2032
B005QC92OC	2033
B005R506IO	2034
B005R531DG	2035
B005S0QEXE	2036
B005SAC92O	2037
B005SJPEP4	2038
B005SOEVQ2	2039
B005SOJ0A4	2040
B005SOLGSI	2041
B005SW4VI2	2042
B005TA98C2	2043
B005TCQRHY	2044
B005TVHA94	2045
B005UBNBJQ	2046
B005UQ4RA8	2047
B005UVY2JE	2048
B005V00F72	2049
B005V0D5XI	2050
B005V9YXB2	2051
B005VASIEO	2052
B005VICP2W	2053
B005W6XWKC	2054
B005WM7UKE	2055
B005WOVLVQ	2056
B005WUIF0K	2057
B005XEIWX0	2058
B005XGUECK	2059
B005XL3JBI	2060
B005Y1FKDM	2061
B005Y98LHQ	2062
B005YCL07G	2063
B005YGWR4W	2064
B005YP04UM	2065
B005ZBDPHO	2066
B005ZT6ODS	2067
B00600A7F2	2068
B00600ACMA	2069
B0060AWPG6	2070
B0060AWT9E	2071
B0060C95SK	2072
B0060QUICS	2073
B0061IMVES	2074
B0061IMVFC	2075
B0061IMW1U	2076
B0061JN3PI	2077
B0061JNI9O	2078
B0061JNNLM	2079
B00621Q84I	2080
B00628X830	2081
B0062HUEG0	2082
B0062MGLQC	2083
B0062PIR8Y	2084
B0063B219S	2085
B0063CAGYE	2086
B0063CAPFY	2087
B0063CGZEE	2088
B0063CH49E	2089
B0063CHWUA	2090
B0063D26LE	2091
B0063MTW3K	2092
B0063OPS04	2093
B0063OPWDC	2094
B0063OPWZ0	2095
B0063ORQCC	2096
B0063ORUSW	2097
B0063OTE18	2098
B00641Y7HQ	2099
B0064CRAXS	2100
B0064EMVZ8	2101
B0064HF2SS	2102
B0064HG70U	2103
B0064HMJGQ	2104
B0064HMNIU	2105
B0064HNK8M	2106
B0064J45NE	2107
B0064VT0V4	2108
B0064W9LDK	2109
B00669RYOO	2110
B00669TYXS	2111
B0067OQOZS	2112
B0067SN18C	2113
B0068O878Y	2114
B0068OEPMG	2115
B0068VX912	2116
B0069E775C	2117
B006BBNRFW	2118
B006BDLMHU	2119
B006BNBCMU	2120
B006CD1M7O	2121
B006CJYTPU	2122
B006CQC48M	2123
B006CQCX92	2124
B006E5PNAC	2125
B006EYPEWU	2126
B006FDFJDO	2127
B006FRW1O0	2128
B006G6A5LQ	2129
B006G7JXM2	2130
B006H2RH60	2131
B006H86NW8	2132
B006H882TA	2133
B006H9WUOC	2134
B006HC9Z0Q	2135
B006HCBWVG	2136
B006IB7EF4	2137
B006IC0FN6	2138
B006IVNRZK	2139
B006IXEPPY	2140
B006IY0UKW	2141
B006IYS1RQ	2142
B006J3GS1C	2143
B006J7WSEY	2144
B006JCUBK2	2145
B006JMP99A	2146
B006JSF7G4	2147
B006JSU804	2148
B006JSXHYS	2149
B006JZXWI2	2150
B006KFHTUS	2151
B006KZ7O5S	2152
B006KZOBBI	2153
B006KZPC48	2154
B006L1FHXC	2155
B006L7QPP0	2156
B006L7RKNG	2157
B006L7RX1U	2158
B006L86EPU	2159
B006L87F1W	2160
B006L9AWHA	2161
B006L9AXWY	2162
B006LALREQ	2163
B006LEESCU	2164
B006LGEBDE	2165
B006LHDP2G	2166
B006LQ0CPU	2167
B006LR5UNS	2168
B006LROVAQ	2169
B006LRP9R0	2170
B006M73QLU	2171
B006MIQTPE	2172
B006MJ5VGQ	2173
B006MJ612E	2174
B006MJ89L0	2175
B006MKSUM2	2176
B006MP3SBK	2177
B006MPHRL2	2178
B006MQGX16	2179
B006MVCIE2	2180
B006MX633W	2181
B006MXPFBI	2182
B006MXQM7E	2183
B006MZ5ENA	2184
B006NTEZYY	2185
B006O3VZZQ	2186
B006OB0ZWC	2187
B006OBDZRY	2188
B006OBVG9I	2189
B006OF04Q0	2190
B006OF82XW	2191
B006OKA8RA	2192
B006OO3KOY	2193
B006OOHOYG	2194
B006OQIRKO	2195
B006OQJFUU	2196
B006OQJL0Y	2197
B006OQJPQY	2198
B006ORU7O2	2199
B006ORV674	2200
B006OUNP8Y	2201
B006OVFYSM	2202
B006OVHHA0	2203
B006OVJ7EY	2204
B006OW8FXC	2205
B006OYQIC0	2206
B006P9C21K	2207
B006PAMC1E	2208
B006PKJ13G	2209
B006Q6URDW	2210
B006QIMG8Y	2211
B006QIMG98	2212
B006QIMGB6	2213
B006QIMGP2	2214
B006QIMGR0	2215
B006QIMGRA	2216
B006QINHFU	2217
B006QNPHTE	2218
B006QO3GY6	2219
B006QO4D3O	2220
B006QOI2C2	2221
B006QOI6GY	2222
B006QOJ4LU	2223
B006QOJ4N8	2224
B006QOJX52	2225
B006QOKEIC	2226
B006QP18F4	2227
B006QP28NU	2228
B006QP2QNW	2229
B006QPMGH8	2230
B006QPMN8U	2231
B006QUZAGW	2232
B006R6VVF4	2233
B006R88CLI	2234
B006RA1JC0	2235
B006RBFFJ2	2236
B006RM54QK	2237
B006S8E1U8	2238
B006SVWA1W	2239
B006T4EQ88	2240
B006TSDR7K	2241
B006U2PJNA	2242
B006U2SH2U	2243
B006U3ZRG8	2244
B006U4TE7K	2245
B006U9GYK0	2246
B006U9QVM6	2247
B006U9QX1K	2248
B006UA4OV0	2249
B006UBFFLM	2250
B006UZO4V0	2251
B006V921B0	2252
B006VA2AT2	2253
B006VA2ATW	2254
B006VA2CYA	2255
B006VFIXPC	2256
B006W1DWOW	2257
B006W4ITW4	2258
B006WM54KG	2259
B006WW4VGY	2260
B006WW4WUO	2261
B006WW4XQ2	2262
B006WW51ZY	2263
B006WW52WG	2264
B006WW58DE	2265
B006Y47LXA	2266
B006YK1K3G	2267
B006Z18UKU	2268
B006Z18Y56	2269
B006Z19CZC	2270
B006Z19TQE	2271
B006Z4OKW4	2272
B006Z5TU46	2273
B006Z5TU64	2274
B006Z5U6TE	2275
B006Z5U9WI	2276
B006Z6NDWA	2277
B006Z6OI42	2278
B006Z6P2LA	2279
B006Z75WSC	2280
B006Z8HNXS	2281
B006ZXX3Q4	2282
B0070NTOW0	2283
B0070NTRWC	2284
B0070X4WRM	2285
B0070Y9BUO	2286
B0070Y9ZIW	2287
B0070YA0GI	2288
B00711TQNS	2289
B00711UNWG	2290
B00712KA3C	2291
B007135298	2292
B007135FDQ	2293
B0071645IO	2294
B00716538U	2295
B007165TKC	2296
B007166ZQY	2297
B007177F4E	2298
B007177XA0	2299
B0071786CY	2300
B0071787Z0	2301
B0071BD33M	2302
B0071H5ZXC	2303
B0071HCHK6	2304
B0071IBH3S	2305
B0071IBH4M	2306
B0071ICTXA	2307
B0071J8HOY	2308
B0071J8T3S	2309
B0071NPGW6	2310
B0071NROXK	2311
B0071QJ2PK	2312
B0071RGWAM	2313
B0071TZLQ6	2314
B0071U2KQ4	2315
B007233OGU	2316
B00727EJIS	2317
B00727EVWM	2318
B0072BSHX2	2319
B0072C7OQM	2320
B0072DBOFI	2321
B0072DG0IO	2322
B0072E6I2Q	2323
B0072E6M0O	2324
B0072F8J72	2325
B0072F8KNU	2326
B0072F8RBA	2327
B0072FS6FW	2328
B0073D4YAO	2329
B0073D54GC	2330
B0073DF1C4	2331
B0073DF1GK	2332
B0073DHHDA	2333
B0073F25E4	2334
B0073NFN36	2335
B0073NU9WG	2336
B0073NUBZ6	2337
B0073PHXA0	2338
B0073PIG0G	2339
B0073PIROQ	2340
B0073PT0MO	2341
B0073PU23K	2342
B0073PU4II	2343
B0073PWG9I	2344
B0073QL4RW	2345
B0073QMAX4	2346
B0073R5GXO	2347
B0073R9GY4	2348
B0073WDXAC	2349
B0074BF2J2	2350
B0074F70BQ	2351
B0074GBXQI	2352
B0074X9YOE	2353
B007511YHK	2354
B00752A254	2355
B00757OKSE	2356
B00757P1PK	2357
B00757Q212	2358
B00757ZOAM	2359
B0075ARAXS	2360
B0075AZKTY	2361
B0075BT2QA	2362
B0075BTNDM	2363
B0075RI0C6	2364
B00767N4GM	2365
B00767ZR6W	2366
B00768F464	2367
B00768FN9M	2368
B0076AT8B4	2369
B0076D2GI8	2370
B0076D2GSI	2371
B0076D2H00	2372
B0076D2HJQ	2373
B0076D2I2W	2374
B0076FF3EU	2375
B0076NJW0I	2376
B0076NKEP0	2377
B0076OCOES	2378
B0076OD4FG	2379
B0076PVLKU	2380
B0076ZTEK4	2381
B0076ZYC0Q	2382
B00770RH2U	2383
B007715KKA	2384
B00771CU6C	2385
B007724UQO	2386
B00772P6O4	2387
B00774BTI4	2388
B00777QWDI	2389
B007782FD8	2390
B007782GPU	2391
B007782GQY	2392
B007782IG2	2393
B0077CK306	2394
B0077GSZLG	2395
B0077RXUTM	2396
B0078PWGMA	2397
B0078SF0F2	2398
B0078SFLX8	2399
B0078T4VAQ	2400
B0078T69YC	2401
B0078T9700	2402
B0078TSC3S	2403
B0078TVRZS	2404
B00792SO7I	2405
B00793AR8G	2406
B00793BTMO	2407
B00793CV3A	2408
B00793DW0G	2409
B00793V37K	2410
B00793XRVA	2411
B00795E56O	2412
B0079MDYB4	2413
B0079MEJMW	2414
B0079MG7AO	2415
B0079MHJ3S	2416
B0079MHRCQ	2417
B0079MI3KQ	2418
B0079MIKM2	2419
B0079Q5KGM	2420
B0079Q5KTO	2421
B0079Q5P9E	2422
B0079Q5PV2	2423
B0079Q61PG	2424
B007A2T8BS	2425
B007AD7FFI	2426
B007AD7FGM	2427
B007AM2Y3M	2428
B007ASNNQ8	2429
B007ASNNVI	2430
B007ASNTFS	2431
B007ASNTXU	2432
B007B928MG	2433
B007B9PIJ6	2434
B007BQYT5I	2435
B007BX8DIU	2436
B007BXDQC8	2437
B007C4J0KI	2438
B007C7JDIY	2439
B007CEW89I	2440
B007CHIWZ4	2441
B007CQ2WFQ	2442
B007CV2OAO	2443
B007CX59BS	2444
B007DBGSLY	2445
B007E56MA6	2446
B007EA4CH6	2447
B007F2JKGG	2448
B007F52VAA	2449
B007FA5ACG	2450
B007FA5B9S	2451
B007FA5E1I	2452
B007FA5EU4	2453
B007FA5EWW	2454
B007FA5NW8	2455
B007FCVEP6	2456
B007FHD8KU	2457
B007FHE912	2458
B007FNIUHK	2459
B007FNIUHU	2460
B007FNIV8S	2461
B007FNIVB0	2462
B007FTQUIK	2463
B007FZX7G2	2464
B007G8G6F2	2465
B007GED9CO	2466
B007HCIDOE	2467
B007HE3H5C	2468
B007HK84RW	2469
B007HK8API	2470
B007HNRL78	2471
B007HNRN44	2472
B007HQFGBI	2473
B007HS08L4	2474
B007HT6VIM	2475
B007HT91UC	2476
B007I4KMH2	2477
B007IGE8G6	2478
B007IGLI3W	2479
B007IGLJ7W	2480
B007IGLPVM	2481
B007IJB7I0	2482
B007IR46IA	2483
B007IRM8WG	2484
B007IRMB2S	2485
B007IRVVZ6	2486
B007JEWLZW	2487
B007JFNTFM	2488
B007JFNVAA	2489
B007JFNZRY	2490
B007JFO17M	2491
B007JFO26M	2492
B007JG0AJO	2493
B007JG0CW4	2494
B007JGPLKC	2495
B007JX8O6S	2496
B007KF1JZS	2497
B007KF1LKQ	2498
B007KF1U84	2499
B007KF1Y30	2500
B007KF206K	2501
B007KF209C	2502
B007KH5PM4	2503
B007KH5ZDS	2504
B007KH5ZG0	2505
B007KH6DFW	2506
B007KI6SE2	2507
B007KI6W98	2508
B007KI6Y6O	2509
B007KI7030	2510
B007KSB9LO	2511
B007L7PW6M	2512
B007LBUHMC	2513
B007LCOPP6	2514
B007LLMQ1C	2515
B007LOIHNA	2516
B007LOKDKK	2517
B007LOO4XM	2518
B007M8ZJQS	2519
B007M8ZZGM	2520
B007MAYD2C	2521
B007MJEE3G	2522
B007MO1UPG	2523
B007MO2BQS	2524
B007MO2MNK	2525
B007MY4508	2526
B007NFTPAG	2527
B007O0QJIQ	2528
B007O1Y58G	2529
B007O3SD5A	2530
B007O3TGOW	2531
B007P4SL4G	2532
B007P5R1KA	2533
B007P6MDNE	2534
B007P89LO6	2535
B007PC7DEC	2536
B007PC7E5U	2537
B007PC7HHA	2538
B007PC7LCG	2539
B007PEOQL8	2540
B007PESQDW	2541
B007PESQF0	2542
B007PESQKA	2543
B007PESQKK	2544
B007PESQKU	2545
B007PESQTQ	2546
B007PESRIQ	2547
B007PESS58	2548
B007PLNL2G	2549
B007PMO8HC	2550
B007POBAVC	2551
B007PQ7YWO	2552
B007PSOG3C	2553
B007PYINPI	2554
B007PYNEIY	2555
B007Q1TX0E	2556
B007Q1TX8G	2557
B007Q4626O	2558
B007QS8CEK	2559
B007QUUZFM	2560
B007R06L8Q	2561
B007R66022	2562
B007RBD5IY	2563
B007REQZH4	2564
B007RG8DKE	2565
B007RX4BX0	2566
B007RX4C5M	2567
B007RX4G44	2568
B007S01SS8	2569
B007SLD4AC	2570
B007SLGLX4	2571
B007SO8QT8	2572
B007SPYH5E	2573
B007SYA3IK	2574
B007T3UR4A	2575
B007T4Y27C	2576
B007THA9O4	2577
B007U1PKNO	2578
B007U1TMA6	2579
B007U1TMB0	2580
B007U1TOMM	2581
B007U1TYFE	2582
B007US15QI	2583
B007V69Z20	2584
B007V6A1A0	2585
B007V6A1U0	2586
B007VB93SQ	2587
B007VB95AM	2588
B007VEETGE	2589
B007VKSYU0	2590
B007VMGOXM	2591
B007VOB7X2	2592
B007VP68NK	2593
B007VX4FMS	2594
B007VX4FNC	2595
B007W2ETOW	2596
B007W4C8HK	2597
B007WR2U0M	2598
B007WW04U0	2599
B007X8SLJY	2600
B007X8WQSG	2601
B007XQXCO0	2602
B007XVL832	2603
B007XVL8KK	2604
B007Y1FRKG	2605
B007Y407M6	2606
B007Y408NE	2607
B007Y408U2	2608
B007YBM858	2609
B007YBMIE4	2610
B007YJ5LXQ	2611
B007Z1HX0W	2612
B007ZDA7EY	2613
B007ZKW66O	2614
B007ZKW68M	2615
B007ZLU86S	2616
B007ZOTUDW	2617
B007ZY7YC6	2618
B007ZY7YY4	2619
B00803INRQ	2620
B00803KH0M	2621
B0080IR2GO	2622
B0080ISJ3Y	2623
B0080J148K	2624
B0080J363Q	2625
B0080JH41Q	2626
B0080PES3M	2627
B0080R2OBS	2628
B0080RUX1G	2629
B0080S5LEE	2630
B00816N3YK	2631
B00816NLHY	2632
B00816QQEE	2633
B00816RXV4	2634
B0081CYU3C	2635
B0081F1CCQ	2636
B0081F1CD0	2637
B0081F1DWU	2638
B0081F1FJQ	2639
B0081HL6IY	2640
B0081SECWK	2641
B0081SEQFI	2642
B0081SF9IG	2643
B0081SFEHM	2644
B0081SG7N2	2645
B0081YF5X4	2646
B0081ZBSWU	2647
B0081ZEKDY	2648
B00820AA5U	2649
B00822BVP6	2650
B00822BW46	2651
B00822BWFK	2652
B00822CWVS	2653
B00822DAWI	2654
B00829XS28	2655
B0082EA9HU	2656
B0082FX9HQ	2657
B0082YTIQI	2658
B0083EZLAY	2659
B0083GJV12	2660
B0083HHAKK	2661
B0083LQ6DS	2662
B0083M2W0S	2663
B0083M384M	2664
B0083RK2BE	2665
B0083SBUIC	2666
B0083SC2KW	2667
B0083SC6AS	2668
B0083SGI5C	2669
B0083WVJIO	2670
B00840TTZK	2671
B00842QITI	2672
B00842QJBK	2673
B00845RBRS	2674
B0084ARWAE	2675
B0084AVB7E	2676
B0084EFW70	2677
B0084EFW7K	2678
B0084IJNTE	2679
B0084XT3HG	2680
B0084XTW0O	2681
B00851C6GM	2682
B00856U6BE	2683
B00856U6T6	2684
B00856U7BI	2685
B00856U7T0	2686
B00856U7WC	2687
B0085J8UFU	2688
B0085J8UKU	2689
B0085J8UVE	2690
B0085J8ZJ6	2691
B0085JI4YW	2692
B0085JI4ZG	2693
B0085JI5GE	2694
B0085T7WKY	2695
B0085TJOYQ	2696
B0085VBVTU	2697
B0085VYS0E	2698
B0085VYUD4	2699
B0085VYUFM	2700
B0085VYUGQ	2701
B00861KY2Y	2702
B00861P0DW	2703
B00861P26C	2704
B00862KIXI	2705
B00863751K	2706
B00869D3YC	2707
B0086F0KG0	2708
B0086FN9MW	2709
B0086FYO0I	2710
B0086TIJK0	2711
B00870RJZY	2712
B008756XDS	2713
B008759E0C	2714
B008764B7M	2715
B008766U6M	2716
B008767C9Q	2717
B00876O6C2	2718
B00876OYEC	2719
B0087A74WM	2720
B0087JC6G2	2721
B0087JCN9W	2722
B0087MRF6K	2723
B0087YKM6S	2724
B00886P2TM	2725
B00886PYJK	2726
B00889PE0Q	2727
B0088AYWAS	2728
B0088OU7RG	2729
B0088QXY2E	2730
B0088RR0GO	2731
B0088RRITI	2732
B0088VRKKQ	2733
B0088VRKN8	2734
B0088VRRE0	2735
B0088VSM3U	2736
B0088VSV0Y	2737
B0088WRFJG	2738
B0088X1H8A	2739
B0088X6K00	2740
B0088X6KF0	2741
B0088XH518	2742
B0088XH5E0	2743
B0088ZOCXU	2744
B00897DCUG	2745
B0089DUBT0	2746
B0089DXI6S	2747
B0089G7LK4	2748
B0089GJ3EG	2749
B0089GJ3GO	2750
B0089KL9U8	2751
B0089VBH36	2752
B008A3AU22	2753
B008AG5K6K	2754
B008AG5YCK	2755
B008AGW0KE	2756
B008AGW1S0	2757
B008AGW3XS	2758
B008AH398A	2759
B008AH77XS	2760
B008AH79FE	2761
B008AK6ECK	2762
B008AKNJIW	2763
B008AKNPPY	2764
B008ANP432	2765
B008ATAPW6	2766
B008ATEV94	2767
B008ATW0YW	2768
B008AU4YBS	2769
B008AUD5AE	2770
B008AYPMC4	2771
B008AZ4GL6	2772
B008B0TLY2	2773
B008B5WYRI	2774
B008B8VYAI	2775
B008BCPZFE	2776
B008BOU0UM	2777
B008BRBD4Q	2778
B008BTQE9I	2779
B008BWM6SS	2780
B008BXRZ9W	2781
B008CDVMXG	2782
B008CDVMY0	2783
B008CN3RBG	2784
B008CN3ZNG	2785
B008CN44ZE	2786
B008CXD6UI	2787
B008D1GKF2	2788
B008D249OA	2789
B008D582ZY	2790
B008DBVNKO	2791
B008DGGBNI	2792
B008DGGC78	2793
B008DMB0MO	2794
B008DMB18M	2795
B008DMBY8E	2796
B008DS4SSG	2797
B008DTSKPM	2798
B008E96R4C	2799
B008EENVOQ	2800
B008EH60JQ	2801
B008EHVNWK	2802
B008EHVYWO	2803
B008ELD20W	2804
B008ENFNCU	2805
B008EOQZSA	2806
B008EPOD4M	2807
B008EPW54W	2808
B008EPW8X0	2809
B008EPWE0W	2810
B008EPZSWS	2811
B008EQQHTK	2812
B008ER7WPC	2813
B008ER7WPM	2814
B008ETYF32	2815
B008EWNBXY	2816
B008EYOI98	2817
B008F05ZP2	2818
B008F063XU	2819
B008F064AW	2820
B008F065B0	2821
B008F06RV8	2822
B008F06T1G	2823
B008F0HXGG	2824
B008F0I4W8	2825
B008F0JKV2	2826
B008F0JTOU	2827
B008F0LHKO	2828
B008F0LLV4	2829
B008F0NCV6	2830
B008F55HJG	2831
B008F55JAI	2832
B008F55KMK	2833
B008FGR95K	2834
B008FGSHC4	2835
B008FHHKVW	2836
B008FHHMBK	2837
B008FHIAWA	2838
B008FHJ268	2839
B008FHJSK8	2840
B008FHKXQQ	2841
B008FIFR66	2842
B008FKCJDI	2843
B008FKEI5U	2844
B008FND1VY	2845
B008FND4E8	2846
B008FND5M4	2847
B008FND6LY	2848
B008FRFKBO	2849
B008FT5GCK	2850
B008FT5HEC	2851
B008FT5KTE	2852
B008FT5L3O	2853
B008FT6DV8	2854
B008FU23OS	2855
B008FU2I6G	2856
B008FV5E4I	2857
B008FV5ZV0	2858
B008FV6BO0	2859
B008FVUB0U	2860
B008FX65VM	2861
B008FXMNCW	2862
B008FXMNVI	2863
B008G5R8QK	2864
B008GMI6GY	2865
B008GSAKPI	2866
B008GWTTK6	2867
B008GZ971E	2868
B008H3UF8Y	2869
B008H3X0HC	2870
B008H4CWJ8	2871
B008H4FK1U	2872
B008H59G4Q	2873
B008H6GUBM	2874
B008H848OQ	2875
B008H84QKM	2876
B008H8880G	2877
B008H8LNPI	2878
B008HM3EWY	2879
B008HMG9H6	2880
B008HN3JBO	2881
B008HOF8DA	2882
B008HTJ94Y	2883
B008HTM4NC	2884
B008I1AQHU	2885
B008IGG5KW	2886
B008ILTJX2	2887
B008J0T2QG	2888
B008J0Y09A	2889
B008J0Y0AO	2890
B008J0Y0TK	2891
B008J0Y0TU	2892
B008J0Y0U4	2893
B008J1IE8M	2894
B008J5FY3Q	2895
B008J8KNH0	2896
B008J8MZ7G	2897
B008J8MZHQ	2898
B008J8N7OQ	2899
B008J8NJVC	2900
B008J9YC4E	2901
B008J9YE3S	2902
B008J9YLTA	2903
B008J9YLTU	2904
B008J9YLXQ	2905
B008J9YMGC	2906
B008J9YMI0	2907
B008J9Z9EG	2908
B008JAJ8RY	2909
B008JAQ0WK	2910
B008JAQ598	2911
B008JAY194	2912
B008JBGKKQ	2913
B008JBJ37I	2914
B008JBJCNI	2915
B008JDJ010	2916
B008JEDJ7A	2917
B008JEDL5K	2918
B008JEE2R6	2919
B008JEGG66	2920
B008JFYU8Q	2921
B008JGZVTW	2922
B008JH0J1G	2923
B008JIMDWI	2924
B008JW75VS	2925
B008JW75Y0	2926
B008JWCM98	2927
B008JXH1JI	2928
B008JXM9WC	2929
B008JXOG6O	2930
B008JXOJUM	2931
B008JXORN6	2932
B008JXRQRU	2933
B008JXT1ZK	2934
B008JXTNKI	2935
B008JXUSXY	2936
B008KA8ZOK	2937
B008KAINCY	2938
B008KBY0FW	2939
B008KE6GWY	2940
B008KE7GBO	2941
B008KE7LK0	2942
B008KFDB6W	2943
B008KJ5MWY	2944
B008KJR3IA	2945
B008KJRYFC	2946
B008KJTGGW	2947
B008KJU89G	2948
B008KJUGX4	2949
B008KK0XIQ	2950
B008KK15U6	2951
B008KK1L46	2952
B008KK1L6E	2953
B008KK23CU	2954
B008KKBUPG	2955
B008KKBZ7E	2956
B008KKCSAM	2957
B008KKD0FO	2958
B008KKIVS0	2959
B008KKIVX0	2960
B008KKKB1A	2961
B008KKKZDY	2962
B008KKSGAI	2963
B008KKSIK6	2964
B008KKSJ5A	2965
B008KKSJYQ	2966
B008KKSKJ0	2967
B008KLDTVI	2968
B008KLEJCQ	2969
B008KMR508	2970
B008KRCGP2	2971
B008KS8E0W	2972
B008KS8RN6	2973
B008KX6F30	2974
B008KX6PTE	2975
B008KY8S0W	2976
B008LAVSNY	2977
B008LENI24	2978
B008LQXXYK	2979
B008LQY0MO	2980
B008LTEQC0	2981
B008LUTDQI	2982
B008LUTE5S	2983
B008LVEPEC	2984
B008LWRIAO	2985
B008LY6DY4	2986
B008LYECZ6	2987
B008LZR4GY	2988
B008M4A12S	2989
B008M4U1U0	2990
B008MBIXX0	2991
B008MG1XYQ	2992
B008MHZ03U	2993
B008MHZ1RA	2994
B008MHZ1RU	2995
B008MHZ2K6	2996
B008MHZLGG	2997
B008MI0EAI	2998
B008MI0H32	2999
B008MI0K8Y	3000
B008MOCEHS	3001
B008MQ74MQ	3002
B008MQAOD2	3003
B008MQB6GG	3004
B008MWJMMU	3005
B008MYQN34	3006
B008N87VOO	3007
B008N87WD4	3008
B008NA99I8	3009
B008NQL570	3010
B008ODIQKG	3011
B008ODIV24	3012
B008OOKJTG	3013
B008OPX442	3014
B008OQS9JQ	3015
B008OQSAG8	3016
B008OQTQ70	3017
B008OR65XW	3018
B008OXRY68	3019
B008P45W1A	3020
B008P8KB9E	3021
B008P8KVQW	3022
B008PD71NS	3023
B008PDUXUG	3024
B008PDYXCA	3025
B008PE01DE	3026
B008PE3956	3027
B008PEJOKK	3028
B008PEKKYY	3029
B008PF201Y	3030
B008PPY7OM	3031
B008PZ3KZY	3032
B008Q06MVM	3033
B008Q0YZK2	3034
B008Q13ING	3035
B008QVT2TA	3036
B008QYIKQ8	3037
B008QYIUEU	3038
B008R89S7I	3039
B008RAXZUW	3040
B008RBS1WS	3041
B008RBYO6K	3042
B008RI0A9I	3043
B008RIFY6W	3044
B008RIFZAM	3045
B008RIKVY2	3046
B008RILI8A	3047
B008RILZCE	3048
B008RJKDGM	3049
B008RJKGPK	3050
B008RJKIB2	3051
B008RJKJ52	3052
B008RJKLR8	3053
B008RJKP9C	3054
B008RJKQ3C	3055
B008RJKU06	3056
B008RJKU42	3057
B008RJVWPI	3058
B008RQ0LOO	3059
B008RQ0OGY	3060
B008RYTC9G	3061
B008RYTDD6	3062
B008RYTFG6	3063
B008S65MD8	3064
B008SCT68Y	3065
B008SOV4TQ	3066
B008SOV7SE	3067
B008SOVH84	3068
B008TN3DZO	3069
B008TV4C74	3070
B008UTADGY	3071
B008UTB02K	3072
B008UX6ZLC	3073
B008UX7GZG	3074
B008UX7R96	3075
B008VAICLK	3076
B008VAJU70	3077
B008VAQ1UY	3078
B008VDPLG6	3079
B008VFU37G	3080
B008VJNWRK	3081
B008VJY440	3082
B008VPZ8YO	3083
B008W1L6CK	3084
B008W1T3PC	3085
B008W1T7G2	3086
B008WCBOYO	3087
B008WCWUF6	3088
B008WETCRI	3089
B008WF2O1S	3090
B008WQRZQG	3091
B008X02FRU	3092
B008X03P0G	3093
B008X04XZC	3094
B008X0EJCE	3095
B008X2XCOS	3096
B008XAPU4K	3097
B008XI7HK2	3098
B008XI7SKG	3099
B008XP7PR0	3100
B008XT7V02	3101
B008Y2TMPK	3102
B008Y4NWWM	3103
B008Y5CCTK	3104
B008YCRA1S	3105
B008YE0VZS	3106
B008YE2KIE	3107
B008YJLWZQ	3108
B008YTPYZ0	3109
B008YUZ0AS	3110
B008YZP0LW	3111
B008ZBOBR4	3112
B008ZGZTLQ	3113
B0090I2LZA	3114
B0090JE3AA	3115
B0090X9OD2	3116
B0091H0J2M	3117
B0091H0J9A	3118
B0091JIWMY	3119
B0091JLDB6	3120
B0091UKRGM	3121
B0091UM56W	3122
B0091UMRTW	3123
B0093AWN7Q	3124
B0093CLROY	3125
B0093DRFA8	3126
B0093IKJU6	3127
B0093JDC0E	3128
B0093JDXLW	3129
B0093JFYOG	3130
B0093K7A9W	3131
B0093K7FN8	3132
B0093KG26O	3133
B0093NRDMS	3134
B0093WL29Y	3135
B00940KEXK	3136
B00945B4O8	3137
B00946GKPU	3138
B0094846NQ	3139
B0094IKLOY	3140
B0094QTJZ8	3141
B0094QTKN4	3142
B0094QTL1K	3143
B0094QTLYM	3144
B0094QTNHM	3145
B0094QTNPY	3146
B0094QTPYI	3147
B0094QTRDW	3148
B0094QTS4U	3149
B0094QTT3U	3150
B0094VD08K	3151
B0094Y1066	3152
B0095ENGQM	3153
B0095JHDO8	3154
B00960Q95A	3155
B00960QWZC	3156
B00960SWZU	3157
B00960T4C0	3158
B00960TTG6	3159
B00960UWQM	3160
B00960VQIK	3161
B00960XCAK	3162
B00960XOHQ	3163
B00960XPQ6	3164
B00960XSE0	3165
B00963NITW	3166
B00963NM98	3167
B0096EDPBM	3168
B0096EDWGA	3169
B0096EE39K	3170
B0096EUHAE	3171
B00971NLBS	3172
B00974QY8W	3173
B00975FFLS	3174
B009769PA4	3175
B00976RXVW	3176
B00979Q7AW	3177
B0097PD2CC	3178
B0097WE65M	3179
B0097YOO4S	3180
B0098ANDCA	3181
B0098IKIJS	3182
B0098T115M	3183
B0098VCL9K	3184
B0098VEW4M	3185
B0098WW54A	3186
B0099IG2QA	3187
B0099IG52Q	3188
B0099JRZS8	3189
B0099JRZYM	3190
B0099JSB72	3191
B0099JXX5M	3192
B0099MJWFE	3193
B0099MP2AS	3194
B0099NNVG4	3195
B0099NRFHU	3196
B0099QIX6E	3197
B0099RVOE6	3198
B0099VHM48	3199
B009B7EEGO	3200
B009CHPTSU	3201
B009CIM7XE	3202
B009DAR0SS	3203
B009DJ11KW	3204
B009DTFFP4	3205
B009E0MMS0	3206
B009E0MOJM	3207
B009E0MSCA	3208
B009EPUB9C	3209
B009EVQ4VK	3210
B009FCXVW8	3211
B009FSTEWS	3212
B009FSVCBE	3213
B009FSVOLM	3214
B009G7Z3AK	3215
B009GJAU0G	3216
B009GWX2L2	3217
B009HP3CRW	3218
B009HP3CTA	3219
B009HX9K6Q	3220
B009I50JZY	3221
B009I83IBS	3222
B009IANEX8	3223
B009IQVQ0K	3224
B009IR0JF2	3225
B009IY54K0	3226
B009J34XH0	3227
B009JKN1XK	3228
B009JNI916	3229
B009K4YSDW	3230
B009K95F5W	3231
B009KAOXVI	3232
B009KAZDG2	3233
B009KLH486	3234
B009KRMGFQ	3235
B009KSDDUM	3236
B009KWJ1JK	3237
B009L0EVWI	3238
B009L0EW7C	3239
B009L7IGTK	3240
B009L8X3VU	3241
B009L8X8WO	3242
B009LPJW5O	3243
B009LRA9TU	3244
B009LRQDVS	3245
B009LTIFV2	3246
B009M1HUSS	3247
B009NGM7YE	3248
B009NMG1PY	3249
B009NQPYBM	3250
B009NR3MOM	3251
B009NR3YK4	3252
B009NR52WW	3253
B009NR538U	3254
B009O2W4F4	3255
B009OLG1TU	3256
B009P6958S	3257
B009PL6694	3258
B009PNC6QY	3259
B009PNCJLQ	3260
B009PNCTHU	3261
B009PP6BDQ	3262
B009QUYLN2	3263
B009R9IUF2	3264
B009RBAAK8	3265
B009RDDBCA	3266
B009RFKLX0	3267
B009RPNBK0	3268
B009RX4LHO	3269
B009S1OSQE	3270
B009S4U1F8	3271
B009S4U1HQ	3272
B009S4U1WQ	3273
B009SCQH8K	3274
B009SDD6TC	3275
B009SF4B08	3276
B009SKQ002	3277
B009SLD9BY	3278
B009SLD9E6	3279
B009SLD9GE	3280
B009SON830	3281
B009STMXKO	3282
B009SUVTTY	3283
B009SUWIWQ	3284
B009SVZ458	3285
B009SZSDEI	3286
B009SZSDQG	3287
B009SZSDSE	3288
B009SZSDUW	3289
B009T3M7PA	3290
B009T3M7R8	3291
B009T3M8DQ	3292
B009T3MADO	3293
B009T3MDPY	3294
B009T3MF48	3295
B009T65D9Y	3296
B009T65GPA	3297
B009T65S8U	3298
B009TGTM00	3299
B009TGUAW4	3300
B009TGUI6C	3301
B009TH3W2S	3302
B009TPK8AY	3303
B009TPK8YK	3304
B009TPK9GW	3305
B009TPKAAM	3306
B009TPKE5S	3307
B009TPKKW0	3308
B009TPKQR4	3309
B009TPKTMG	3310
B009TPLKRY	3311
B009UPAHAE	3312
B009UPAJAC	3313
B009UPWMM0	3314
B009UPXZDA	3315
B009V6RVVK	3316
B009VORAQI	3317
B009W2T4SG	3318
B009W2TLV6	3319
B009W329BY	3320
B009WIL9CY	3321
B009WNEDK4	3322
B009WNEFX4	3323
B009WNEGYM	3324
B009WSCBSA	3325
B009WUKIYC	3326
B009X1PDY0	3327
B009X1PDZ4	3328
B009X1PEQM	3329
B009X4YFKA	3330
B009X4YIMK	3331
B009XANLKE	3332
B009XCHPW2	3333
B009XFYR0C	3334
B009XFYTCS	3335
B009XI4RXQ	3336
B009XNI9NA	3337
B009YAYFZ8	3338
B009YAYPGW	3339
B009YAYYCC	3340
B009YAYZ44	3341
B009YAZIT0	3342
B009YB0B8W	3343
B009YB1F7I	3344
B009YB1IEI	3345
B009YB2YUU	3346
B009YB309Y	3347
B009YB4VGU	3348
B009YB60LY	3349
B009YFDHJ8	3350
B009YLOSOU	3351
B009YMADES	3352
B009YMGQGW	3353
B009YMINHC	3354
B009YML2HU	3355
B009YPWUY6	3356
B009YTDYRE	3357
B009Z3Y0YU	3358
B009Z3YSG0	3359
B009ZIFULW	3360
B00A01SD44	3361
B00A0HEKYK	3362
B00A0HQJX0	3363
B00A0JKKXS	3364
B00A0K964Q	3365
B00A0KNLW4	3366
B00A13MPTA	3367
B00A13MR7K	3368
B00A13ZKFQ	3369
B00A152K7U	3370
B00A1G2DZS	3371
B00A1S0BU0	3372
B00A1S0JX4	3373
B00A2D38WC	3374
B00A2ES9XY	3375
B00A2PVYAI	3376
B00A2SR7JM	3377
B00A2VDJ1E	3378
B00A2Y1904	3379
B00A382RSM	3380
B00A382T1M	3381
B00A382VZ6	3382
B00A382XRM	3383
B00A3830HY	3384
B00A3C5F6E	3385
B00A3G30YO	3386
B00A3G8YS6	3387
B00A47N83U	3388
B00A4FU9V6	3389
B00A4H6GAW	3390
B00A4OHG3Q	3391
B00A63YENU	3392
B00A65E046	3393
B00A6D7TPU	3394
B00A7349CA	3395
B00A73XDE0	3396
B00A7R7DVU	3397
B00A87LFZ4	3398
B00A8SSYUC	3399
B00A9Q20S0	3400
B00A9R5J50	3401
B00A9TANCM	3402
B00AAU3JZS	3403
B00ABBPDLY	3404
B00ABBPPTY	3405
B00ABBPUH6	3406
B00ABF46I6	3407
B00ABGPIUU	3408
B00ABS67T4	3409
B00AC3671G	3410
B00ACMNFW6	3411
B00ADH0JCE	3412
B00ADKM1OK	3413
B00AE263DC	3414
B00AETVU60	3415
B00AEU79AK	3416
B00AF5JN2G	3417
B00AF5JQ8C	3418
B00AG368MU	3419
B00AG3Z5IS	3420
B00AG40FH8	3421
B00AH05M9C	3422
B00AHAADSC	3423
B00AHC5T0M	3424
B00AHFIZBO	3425
B00AHTX3QW	3426
B00AIXUC7K	3427
B00AJ0E7B4	3428
B00AJ0IT6I	3429
B00AJ22G1U	3430
B00AJ32PHY	3431
B00AJ4C2O4	3432
B00AJK5K6U	3433
B00AJK5KTM	3434
B00AJNA3IC	3435
B00AJOPBWO	3436
B00AJQLTKA	3437
B00AJRV7WY	3438
B00AJT427E	3439
B00AJTAHPU	3440
B00AK33SOW	3441
B00AKF5RGC	3442
B00AKF6HPC	3443
B00AKFPOZQ	3444
B00AKHLLOM	3445
B00AL31QWM	3446
B00ALGXM6M	3447
B00ALIKV46	3448
B00ALNQBUE	3449
B00ALT1JSC	3450
B00ALT1OZU	3451
B00AME2ZXY	3452
B00AME30YM	3453
B00AME31LO	3454
B00AMEZGMQ	3455
B00AMEZI2E	3456
B00AMEZJ8W	3457
B00AMEZK9A	3458
B00AMPZTO0	3459
B00AMTDP7Y	3460
B00AMW0WNG	3461
B00AMZOSSS	3462
B00ANJB8C2	3463
B00ANKW4RE	3464
B00ANKW4WY	3465
B00ANMI6PG	3466
B00ANP0KN4	3467
B00ANRQIVK	3468
B00ANRQJKK	3469
B00ANRQJLY	3470
B00ANRR84G	3471
B00ANRRKUS	3472
B00ANX4LEA	3473
B00ANZZBTM	3474
B00ANZZSLS	3475
B00ANZZUD4	3476
B00AO003H6	3477
B00AO00SOY	3478
B00AO0PBVO	3479
B00AO0WARC	3480
B00AO19OTI	3481
B00AO1EJDY	3482
B00AO1I93K	3483
B00AO1TRQI	3484
B00AO1TUPQ	3485
B00AO1TWKY	3486
B00AO1TXCG	3487
B00AO44U12	3488
B00AO7E8SO	3489
B00AO7EH1C	3490
B00AO7F88I	3491
B00AOGT4GQ	3492
B00AOH9HO4	3493
B00APAEBK0	3494
B00APCND9S	3495
B00APGDGFK	3496
B00APRAGQQ	3497
B00APV09PU	3498
B00APV0J0K	3499
B00APV0O6E	3500
B00APV0XME	3501
B00APV121K	3502
B00APV12K6	3503
B00APV3Z7O	3504
B00APV4SRU	3505
B00APV50H2	3506
B00APV554A	3507
B00APV5C5W	3508
B00APV62XI	3509
B00APV9WU8	3510
B00APVH8UE	3511
B00APVIN8A	3512
B00AQ0WCOQ	3513
B00AQ1B8UO	3514
B00AQCW51O	3515
B00AQDABN2	3516
B00AQDAZDS	3517
B00AQDJ9LM	3518
B00AQDJCYG	3519
B00AQDK07E	3520
B00AQDLBOA	3521
B00AQDM0FO	3522
B00AQE77CE	3523
B00AQE7ESQ	3524
B00AQE7XLO	3525
B00AQEMTKO	3526
B00AQEMVVG	3527
B00AQEN098	3528
B00AQENHEG	3529
B00AQF9CJE	3530
B00AQF9I1Q	3531
B00AQFAG76	3532
B00AQFB52G	3533
B00AQFBQMK	3534
B00AQFDD62	3535
B00AQFDMK4	3536
B00AQFG9AY	3537
B00AQFGB2A	3538
B00AQFGFUI	3539
B00AQFHBCY	3540
B00AQFHQGA	3541
B00AQFUS9C	3542
B00AQFUSA6	3543
B00AQFWK4I	3544
B00AQFX29K	3545
B00AQFX2BI	3546
B00AQFX2CW	3547
B00AQFX6EG	3548
B00AQFX9IY	3549
B00AQG2EZW	3550
B00AQG2FTM	3551
B00AQLT5YU	3552
B00AQLTLGC	3553
B00AQMB9O8	3554
B00AQMDIJC	3555
B00AQMDTAK	3556
B00AQNOHN2	3557
B00AQNOOW6	3558
B00AQNPMGS	3559
B00AQNPYNE	3560
B00AQPQHVU	3561
B00AQTWJMM	3562
B00AQTWJPO	3563
B00AQTWL7A	3564
B00AQTYKCY	3565
B00AQU395C	3566
B00AR1VI30	3567
B00AR2PXY4	3568
B00AR3FQIG	3569
B00AR4GM2O	3570
B00AR58UIC	3571
B00AR7U3IK	3572
B00AR7V1WC	3573
B00ARD1JDM	3574
B00ARD1KS6	3575
B00ARD1MFC	3576
B00ARD2G2U	3577
B00ARD31JW	3578
B00ARD4286	3579
B00ARD7ORM	3580
B00ARDVDDS	3581
B00ARDVFZE	3582
B00ARDVIE2	3583
B00ARIAEA6	3584
B00ARIU4II	3585
B00ARIWGDO	3586
B00ARJPGJO	3587
B00ARJPTUK	3588
B00ARJSF92	3589
B00ARJSH9K	3590
B00ARJTH08	3591
B00ARKHK1U	3592
B00ARKIFWS	3593
B00ARY0RO8	3594
B00ARY0VT4	3595
B00ARYZKAY	3596
B00AS1JQN8	3597
B00ASI287W	3598
B00AT72JK8	3599
B00AT9YJJK	3600
B00AT9YKQ2	3601
B00AT9YLQG	3602
B00ATAGTHE	3603
B00ATBOVM8	3604
B00ATBQSRO	3605
B00ATH9KNW	3606
B00ATHAWE8	3607
B00ATNEAZE	3608
B00ATOQPOW	3609
B00ATRS9H0	3610
B00AUVKHXO	3611
B00AV2LX62	3612
B00AV2M76W	3613
B00AV9RPE4	3614
B00AVCS1C6	3615
B00AW1CRXK	3616
B00AWL2WJ4	3617
B00AWL30UY	3618
B00AWL752S	3619
B00AWOB50S	3620
B00AWRD4UY	3621
B00AX1XSN2	3622
B00AX1ZS8A	3623
B00AX52YI8	3624
B00AXLCEMS	3625
B00AY8E0KE	3626
B00AYAI0VC	3627
B00AYBQL4Y	3628
B00AYQS6FG	3629
B00AYRQGYI	3630
B00AYRYQD6	3631
B00AYU2ACM	3632
B00AYU2AGS	3633
B00AYU2AOK	3634
B00AZ2ZC5G	3635
B00AZ6MCKU	3636
B00AZ70NWS	3637
B00AZIGLHS	3638
B00AZIGLQO	3639
B00AZNR0EG	3640
B00AZNSXCE	3641
B00AZOQUIM	3642
B00AZORZYK	3643
B00AZT5NRG	3644
B00AZWMEDY	3645
B00B00WAWK	3646
B00B01QYWQ	3647
B00B01Z15C	3648
B00B0ZOEYM	3649
B00B1K2TCK	3650
B00B1KUDJQ	3651
B00B1Q8YW8	3652
B00B1Q8ZBI	3653
B00B1T6SWI	3654
B00B1TU4O6	3655
B00B20MKAA	3656
B00B284N84	3657
B00B29XGEU	3658
B00B2DLNK0	3659
B00B2GVRDA	3660
B00B2GXTHM	3661
B00B2GXY8Q	3662
B00B2H1GB2	3663
B00B2H1GWQ	3664
B00B2H1HIY	3665
B00B3HURN4	3666
B00B3Q8RG4	3667
B00B4JNYS6	3668
B00B4L5CRU	3669
B00B4QJU5K	3670
B00B4QJVVI	3671
B00B4QKCXY	3672
B00B4RR088	3673
B00B4SJ5EE	3674
B00B4ZZWJE	3675
B00B500BLW	3676
B00B53AE34	3677
B00B53ALS2	3678
B00B53CKZE	3679
B00B53CUVI	3680
B00B53DB8O	3681
B00B53DR3I	3682
B00B53E6GA	3683
B00B589XWC	3684
B00B5B5MXI	3685
B00B5B5R9C	3686
B00B5BODW4	3687
B00B5HUIO0	3688
B00B5NILOS	3689
B00B5NZ5Q0	3690
B00B5RWHS0	3691
B00B5RWN6Q	3692
B00B5S2MDY	3693
B00B5W0FHK	3694
B00B5W0UUW	3695
B00B669Z6C	3696
B00B6E1M3S	3697
B00B6UFZ08	3698
B00B71M2H0	3699
B00B729AAG	3700
B00B729DIU	3701
B00B760CTA	3702
B00B7AG1DC	3703
B00B7F3LIK	3704
B00B7H9XN0	3705
B00B7HA0A0	3706
B00B7HCOFO	3707
B00B7NHC8C	3708
B00B7Q2A68	3709
B00B7Q84T0	3710
B00B7QXTOK	3711
B00B7TBDTU	3712
B00B7TK24M	3713
B00B7TK5C6	3714
B00B7W9UTC	3715
B00B7WAT38	3716
B00B7WAUNC	3717
B00B82T136	3718
B00B86X1SI	3719
B00B88RW2C	3720
B00B8C7QO2	3721
B00B8EX46O	3722
B00B8KR6AS	3723
B00B8KZJ16	3724
B00B8KZJKM	3725
B00B8L55GO	3726
B00B8SSY6U	3727
B00B8SSZK0	3728
B00B8W0ZCM	3729
B00B8ZJM6E	3730
B00B97663S	3731
B00B97688Q	3732
B00B97690S	3733
B00B98XVE4	3734
B00B98XXI8	3735
B00B9AQUBI	3736
B00B9BPJXW	3737
B00B9EMIEW	3738
B00B9P8EUS	3739
B00B9P8WT6	3740
B00B9RDC62	3741
B00B9TYXFE	3742
B00B9TZ6E6	3743
B00B9U9D2G	3744
B00BA5CJWQ	3745
B00BAQXDI4	3746
B00BARLEGQ	3747
B00BARM8XE	3748
B00BAZEWYE	3749
B00BAZG4J0	3750
B00BAZGA8A	3751
B00BB7NQWU	3752
B00BB7NXXW	3753
B00BB8UWVC	3754
B00BB9WDKO	3755
B00BB9WEP8	3756
B00BB9WEWG	3757
B00BB9WPC0	3758
B00BB9WS1S	3759
B00BB9WW14	3760
B00BBA24R0	3761
B00BBA5620	3762
B00BBA6K8Y	3763
B00BBA9KKO	3764
B00BBABDBS	3765
B00BBAFDHI	3766
B00BBD7BCU	3767
B00BBDHVH0	3768
B00BBJL93G	3769
B00BBQG6W8	3770
B00BBRTALG	3771
B00BBSOXFS	3772
B00BC1CC8E	3773
B00BCEQE9O	3774
B00BCF17BS	3775
B00BCF1BIC	3776
B00BCF33H4	3777
B00BCF3UGI	3778
B00BCNV4GI	3779
B00BCXNLQY	3780
B00BCXNV4Q	3781
B00BCXO7LM	3782
B00BDUN9YA	3783
B00BDUNT8Q	3784
B00BDUNVTS	3785
B00BDUOEY4	3786
B00BEFHYKY	3787
B00BEIB5RE	3788
B00BEIB93Y	3789
B00BEIBAQK	3790
B00BF89U70	3791
B00BF8D7VU	3792
B00BF9QXI8	3793
B00BFF61Q6	3794
B00BFO54C4	3795
B00BFOOIU8	3796
B00BFQMGW8	3797
B00BFR35BI	3798
B00BFRC1FE	3799
B00BFSFOJ8	3800
B00BFWCBCW	3801
B00BG0B0KM	3802
B00BG3MYDQ	3803
B00BG5GLDS	3804
B00BG6H3LQ	3805
B00BG6H7RQ	3806
B00BGCUCX6	3807
B00BGH225W	3808
B00BGL6PLU	3809
B00BGS80ZM	3810
B00BGYS09C	3811
B00BH5SAXQ	3812
B00BH5SGSA	3813
B00BHPKQ74	3814
B00BHPLQ1Y	3815
B00BHPP76E	3816
B00BHPPUXY	3817
B00BHPRRKS	3818
B00BHQ53SK	3819
B00BHULSNK	3820
B00BHY3ZBE	3821
B00BI20702	3822
B00BI2B4RM	3823
B00BI2B83M	3824
B00BI2BSZA	3825
B00BI35YG8	3826
B00BI36TN0	3827
B00BI3B6QA	3828
B00BI3B9PI	3829
B00BI3BAZ2	3830
B00BI3BDP4	3831
B00BI3BKPC	3832
B00BI3BMMS	3833
B00BIP5ATM	3834
B00BJ0A3SO	3835
B00BJ0A4M4	3836
B00BJ0A6KO	3837
B00BJ0AAUU	3838
B00BJ0ADRA	3839
B00BJ0AHLC	3840
B00BJ1F3X8	3841
B00BJ7BYEO	3842
B00BJ8T7T2	3843
B00BJH0VBQ	3844
B00BJH0XPK	3845
B00BJH26Z0	3846
B00BJH3AH8	3847
B00BJK0ZR8	3848
B00BJMMX7Q	3849
B00BK6PJYA	3850
B00BKO6NTC	3851
B00BKPBSSW	3852
B00BKZOTVU	3853
B00BL2HB4Y	3854
B00BLEO1DQ	3855
B00BLIJYZW	3856
B00BLIY9XY	3857
B00BLNPGTU	3858
B00BLS17LG	3859
B00BLS184W	3860
B00BM2G4H8	3861
B00BMUUARA	3862
B00BN1ZE1U	3863
B00BN20B94	3864
B00BN2KG80	3865
B00BN2KUR2	3866
B00BNUQRIK	3867
B00BO0HLFW	3868
B00BO0SCZU	3869
B00BO0SJKI	3870
B00BO516SA	3871
B00BO51U4K	3872
B00BOOEKCU	3873
B00BP73RJ8	3874
B00BPMIEIW	3875
B00BPUX236	3876
B00BPUX2TK	3877
B00BPUXBSW	3878
B00BPW04JE	3879
B00BPXE908	3880
B00BQ9RGWO	3881
B00BQNXIZ4	3882
B00BQV7KUK	3883
B00BQW3K9O	3884
B00BQWWMP2	3885
B00BR0TEWW	3886
B00BRAXTB4	3887
B00BRN75RK	3888
B00BRN7958	3889
B00BRN7FRU	3890
B00BRN7KNY	3891
B00BRN7OLC	3892
B00BRN7SC2	3893
B00BRN7ZDE	3894
B00BSDZBIO	3895
B00BSE0EIA	3896
B00BSEPL74	3897
B00BSG2G84	3898
B00BSY51NS	3899
B00BT0FZAU	3900
B00BT2HM1S	3901
B00BT6ATVY	3902
B00BTEZ7VS	3903
B00BTHU1TS	3904
B00BTPX2DM	3905
B00BTPXF2A	3906
B00BTUZRYE	3907
B00BTWO0VI	3908
B00BU53DPS	3909
B00BUOVMVG	3910
B00BUOVXII	3911
B00BUOW422	3912
B00BUOXBRY	3913
B00BUOXE9O	3914
B00BV8JS94	3915
B00BV9HTTO	3916
B00BW02R7G	3917
B00BWJNF5U	3918
B00BWNVNYG	3919
B00BWO4AUO	3920
B00BWO4OTQ	3921
B00BX87HC2	3922
B00BXA0OFM	3923
B00BXA1S1G	3924
B00BXJ34BE	3925
B00BXQTORA	3926
B00BXQTQVY	3927
B00BXQXNI6	3928
B00BY2ER5W	3929
B00BYFAR6W	3930
B00BYP1798	3931
B00BYP62CA	3932
B00BYUWU5I	3933
B00BYUWZDA	3934
B00BZOG84W	3935
B00C0F32K8	3936
B00C0Q1ZPQ	3937
B00C17OFA6	3938
B00C1BWH20	3939
B00C1C480S	3940
B00C1C4PBA	3941
B00C1GKSLC	3942
B00C1WH0BW	3943
B00C2DQMBY	3944
B00C2DQOY4	3945
B00C2KU1X2	3946
B00C2O9UBW	3947
B00C2ODF8G	3948
B00C3M211Y	3949
B00C3U2OG8	3950
B00C3U8GDI	3951
B00C40RSUY	3952
B00C40YJXS	3953
B00C40YMSU	3954
B00C41039Q	3955
B00C464OCS	3956
B00C4CBAG0	3957
B00C4JJOM0	3958
B00C4U752K	3959
B00C5W9KF2	3960
B00C5W9OIU	3961
B00C62HVSY	3962
B00C62JNN0	3963
B00C64A7M4	3964
B00C6NUBFS	3965
B00C6NUEQE	3966
B00C70VXMU	3967
B00C78DGZ4	3968
B00C78DV9A	3969
B00C7EAF48	3970
B00C7GKRK8	3971
B00C7L2S0U	3972
B00C7L3868	3973
B00C7LFX1Q	3974
B00C7LGMRU	3975
B00C7LH6FC	3976
B00C7LIML4	3977
B00C7MICMM	3978
B00C7MYLHW	3979
B00C7OJMBU	3980
B00C7X0Y5Y	3981
B00C8167CE	3982
B00C84YWSC	3983
B00C8OBUC8	3984
B00C942Y36	3985
B00C94338G	3986
B00C95XA06	3987
B00C95XKAG	3988
B00C95XP56	3989
B00C95XVI2	3990
B00C95XZTM	3991
B00C95YO6U	3992
B00C9DB6KE	3993
B00C9WCO2Y	3994
B00CA6VTDO	3995
B00CALR23U	3996
B00CALR582	3997
B00CALR7TE	3998
B00CALR93S	3999
B00CALRANM	4000
B00CALRE92	4001
B00CALRIV6	4002
B00CALRKHS	4003
B00CALRVQ8	4004
B00CALRXUW	4005
B00CASJCXQ	4006
B00CASJCZO	4007
B00CBF2BCW	4008
B00CBLQGAE	4009
B00CBQK8TO	4010
B00CBQKANI	4011
B00CCQCWXI	4012
B00CD9DQKM	4013
B00CD9EG6A	4014
B00CD9FBGE	4015
B00CDLE3OS	4016
B00CDLZGE4	4017
B00CE45N48	4018
B00CEJGPNG	4019
B00CEJHPTE	4020
B00CEJI0HU	4021
B00CEJIND6	4022
B00CEJJ07Y	4023
B00CEJJDBC	4024
B00CESFFJ2	4025
B00CESFKFQ	4026
B00CETVDF6	4027
B00CETW134	4028
B00CEUP270	4029
B00CEUWUZC	4030
B00CEUWY8K	4031
B00CEV8366	4032
B00CF1PCPK	4033
B00CF3A762	4034
B00CF3AGKY	4035
B00CF3CDHS	4036
B00CF5K3CS	4037
B00CF6OFBC	4038
B00CF7IMOW	4039
B00CF9V1WA	4040
B00CFEBGJS	4041
B00CFF5XCS	4042
B00CFHA78G	4043
B00CFI3C0U	4044
B00CFI3EJO	4045
B00CGJUED6	4046
B00CGV5RSG	4047
B00CGV5VMS	4048
B00CGZ06C4	4049
B00CHC8DKI	4050
B00CHGO5YM	4051
B00CHGOD94	4052
B00CHGOF6A	4053
B00CHGOKBU	4054
B00CHGOMA4	4055
B00CHGONXA	4056
B00CHGOOKC	4057
B00CHGOUNS	4058
B00CHGP9ME	4059
B00CHGPB7C	4060
B00CHHB1FW	4061
B00CHHBJRC	4062
B00CHHBL8O	4063
B00CHIP9F4	4064
B00CI3GG0K	4065
B00CIB5WV6	4066
B00CIIJYZ4	4067
B00CIMY4IM	4068
B00CIQMHA0	4069
B00CIRDW58	4070
B00CITTEXU	4071
B00CIYKMRW	4072
B00CJ22MQM	4073
B00CJ80X8K	4074
B00CJ8N8RI	4075
B00CJ9AQYA	4076
B00CJF540K	4077
B00CJJUGDQ	4078
B00CJKHNXG	4079
B00CJLFJFE	4080
B00CJQSNG6	4081
B00CJSTG9M	4082
B00CKGA34U	4083
B00CL7AM1W	4084
B00CL7BQ5S	4085
B00CL8M4HG	4086
B00CL8MA0C	4087
B00CL8PFOU	4088
B00CLBHBQC	4089
B00CLCWG6Q	4090
B00CLDN0FG	4091
B00CM6AQ36	4092
B00CM7E4JM	4093
B00CM7JHIK	4094
B00CMD3XSE	4095
B00CMDT2N4	4096
B00CMG9N7Q	4097
B00CMO2XDE	4098
B00CMOVXAS	4099
B00CMR8UJM	4100
B00CMSU2WE	4101
B00CN38IAG	4102
B00CN5B73O	4103
B00CN5B8BA	4104
B00CN5C0RQ	4105
B00CN5CI9G	4106
B00CNBKD38	4107
B00CNBKG4E	4108
B00CNFRIFA	4109
B00CO2XQ6W	4110
B00COA7NWM	4111
B00COEL0U4	4112
B00COIR3K6	4113
B00COQBB92	4114
B00CP0IJ1U	4115
B00CP0IK5A	4116
B00CP0IQY0	4117
B00CP0ITHO	4118
B00CP0IX6G	4119
B00CP1UPQQ	4120
B00CP34SEY	4121
B00CP3BAEK	4122
B00CPQSHBG	4123
B00CPQTNPA	4124
B00CPX3POI	4125
B00CPZ2SBM	4126
B00CQ7Q0Y0	4127
B00CQBMGKS	4128
B00CRLNAMA	4129
B00CRWURJS	4130
B00CRWURLG	4131
B00CRWUVU8	4132
B00CRWUVXA	4133
B00CSFWASA	4134
B00CSGQZRQ	4135
B00CSGRBY2	4136
B00CSGRKDO	4137
B00CSIE9J0	4138
B00CSIIQJ4	4139
B00CSIIUN6	4140
B00CSIIWL6	4141
B00CSIJO1S	4142
B00CSIJRG0	4143
B00CSIJV70	4144
B00CSJ4WWS	4145
B00CSJ4Y08	4146
B00CSJ58U8	4147
B00CSM2FX8	4148
B00CSM2FXS	4149
B00CSNXF7W	4150
B00CSPUMX0	4151
B00CSPUPP0	4152
B00CSPUPPK	4153
B00CSPUZB4	4154
B00CTGB2U0	4155
B00CTGBD9K	4156
B00CTGBEJO	4157
B00CTGBI7M	4158
B00CTGBI8G	4159
B00CTGBNJA	4160
B00CTGBOSU	4161
B00CTGBQ24	4162
B00CTGBUES	4163
B00CTGOKNG	4164
B00CTH85PY	4165
B00CTH8E4Q	4166
B00CTH95IK	4167
B00CTK1JI6	4168
B00CTKI4QQ	4169
B00CTKI70Y	4170
B00CTKIAYW	4171
B00CU6FO30	4172
B00CU9NL6E	4173
B00CU9NMY0	4174
B00CV1E9TY	4175
B00CV308PQ	4176
B00CW7QPK8	4177
B00CWK61A4	4178
B00CWZU7KO	4179
B00CX0KYRO	4180
B00CX0LVIA	4181
B00CX4X7JW	4182
B00CXAIRL4	4183
B00CXFKSYS	4184
B00CXK5KAK	4185
B00CXK90HE	4186
B00CXK90KQ	4187
B00CXK90M4	4188
B00CXK9DNK	4189
B00CXK9LTG	4190
B00CXK9V1E	4191
B00CXKA1YK	4192
B00CXN59LM	4193
B00CXN5S0E	4194
B00CXNPW3W	4195
B00CXNTKF8	4196
B00CXOAVF0	4197
B00CXOE282	4198
B00CXQFOW8	4199
B00CXQFW70	4200
B00CXTZXLC	4201
B00CXTZXR6	4202
B00CXU0F96	4203
B00CY4WRB0	4204
B00CY5G0DU	4205
B00CYBYM9S	4206
B00CYBYOP0	4207
B00CYBYRPW	4208
B00CYC22SK	4209
B00CYDM3DS	4210
B00CYHFRB4	4211
B00CYHXR7U	4212
B00CYPCQIS	4213
B00CZ5AE2W	4214
B00CZ5CR0O	4215
B00CZ6JODG	4216
B00CZ6JQ3E	4217
B00CZ6JSMI	4218
B00CZ6XWVG	4219
B00CZ8I8R2	4220
B00CZ8IDCC	4221
B00CZ8IG9C	4222
B00CZDUVCW	4223
B00CZGQ86C	4224
B00D04S5WI	4225
B00D08388K	4226
B00D08389E	4227
B00D1W5F36	4228
B00D23MBMW	4229
B00D2BEMXK	4230
B00D2JA1SM	4231
B00D2JRWWA	4232
B00D2M2PS8	4233
B00D2M2S3A	4234
B00D3CNSX8	4235
B00D3EK3X4	4236
B00D3EL36K	4237
B00D3FVQQ6	4238
B00D3FVTCM	4239
B00D3G0SQY	4240
B00D3IIR7Y	4241
B00D3IS5QC	4242
B00D3MBO20	4243
B00D3MC9Q0	4244
B00D3N08MQ	4245
B00D3NV6U4	4246
B00D3TSDQ8	4247
B00D3Y3G7Y	4248
B00D4EEGMW	4249
B00D4IXK98	4250
B00D4IY4MK	4251
B00D4IYKEW	4252
B00D4IZKHI	4253
B00D4IZOW4	4254
B00D4K1JNU	4255
B00D4K1MPA	4256
B00D4K1SQ8	4257
B00D4K34N8	4258
B00D4K36X6	4259
B00D4K3JSI	4260
B00D4K3TQA	4261
B00D4K49MI	4262
B00D4KCLBE	4263
B00D4KCLCS	4264
B00D4KCPQK	4265
B00D4KCRF4	4266
B00D4KCSEY	4267
B00D4KDGI6	4268
B00D4KDNSO	4269
B00D4KDZYQ	4270
B00D4KGWC8	4271
B00D4KGX36	4272
B00D4KGX68	4273
B00D4KGZRU	4274
B00D4KH1F0	4275
B00D4KKCFG	4276
B00D4KTAJU	4277
B00D4KTBGW	4278
B00D4KTD6K	4279
B00D4KTF4U	4280
B00D4KTHPW	4281
B00D4KWG5K	4282
B00D4KWI2G	4283
B00D4KWMR2	4284
B00D4KWP1A	4285
B00D4L2AFU	4286
B00D4L6B00	4287
B00D4L7RXK	4288
B00D4LD9LO	4289
B00D5OIR6C	4290
B00D5OIR6W	4291
B00D5S0X0G	4292
B00D5S0YY6	4293
B00D5S13U0	4294
B00D5S14E0	4295
B00D5S153U	4296
B00D5S1558	4297
B00D5S156C	4298
B00D5S15VM	4299
B00D5S19ZY	4300
B00D5S1AB2	4301
B00D5S1B7U	4302
B00D5S1BKC	4303
B00D5S1I3M	4304
B00D5S1P4O	4305
B00D5S1Q8O	4306
B00D5S1QD4	4307
B00D5S2QJM	4308
B00D5SEGS6	4309
B00D5T5T40	4310
B00D5TAJYK	4311
B00D690J30	4312
B00D69T062	4313
B00D69T08K	4314
B00D69UBE2	4315
B00D69UYLW	4316
B00D6EIVA8	4317
B00D6EQC9K	4318
B00D6IB3DG	4319
B00D76ZVN0	4320
B00D7IJICI	4321
B00D7IQHW2	4322
B00D7X1RLI	4323
B00D7X1Y3O	4324
B00D82YBHK	4325
B00D82YREC	4326
B00D83X832	4327
B00D83X85A	4328
B00D83X8A0	4329
B00D8ERLL6	4330
B00D8FJ8AC	4331
B00D8FQMV0	4332
B00D8GZSZ0	4333
B00D8NXZ58	4334
B00D8XN64I	4335
B00D8ZUD8I	4336
B00D902SA8	4337
B00D9JSP7O	4338
B00D9JT3XY	4339
B00D9JT5C8	4340
B00D9JTH1M	4341
B00D9MI7TC	4342
B00D9MU6DM	4343
B00DAPYVTS	4344
B00DAU22HG	4345
B00DAU3NTC	4346
B00DAYH754	4347
B00DBBG1QM	4348
B00DBX4VIA	4349
B00DBX54WM	4350
B00DBX59XQ	4351
B00DCKPI2K	4352
B00DCSTLT8	4353
B00DCSTOOU	4354
B00DCSTVL6	4355
B00DCSUAIY	4356
B00DCSUEP8	4357
B00DCSUWMS	4358
B00DDXFBBE	4359
B00DDZAGG2	4360
B00DDZAIUQ	4361
B00DDZAS5G	4362
B00DDZB9TK	4363
B00DDZC2P0	4364
B00DDZC59S	4365
B00DE7DBE8	4366
B00DE7DMDS	4367
B00DE7DPMQ	4368
B00DE7DWB0	4369
B00DEECBQU	4370
B00DEECJCQ	4371
B00DEJWCZU	4372
B00DELMCSU	4373
B00DELMCWQ	4374
B00DELMFR8	4375
B00DELMFTQ	4376
B00DELMXFM	4377
B00DELMZTG	4378
B00DEYTE6U	4379
B00DEZMICQ	4380
B00DEZMRWM	4381
B00DF041FM	4382
B00DFLPQI2	4383
B00DFMGU9A	4384
B00DFMIPO8	4385
B00DG6L9QE	4386
B00DG7USEW	4387
B00DG7X25Y	4388
B00DG8AS7S	4389
B00DG8IO7Y	4390
B00DG8ZPOO	4391
B00DG9OQY8	4392
B00DGC0KQS	4393
B00DGCH44Y	4394
B00DGCKWIE	4395
B00DGPDYXG	4396
B00DGY3KV8	4397
B00DH3NG9E	4398
B00DH3QXD0	4399
B00DH40I0I	4400
B00DH9O2PU	4401
B00DH9UG1O	4402
B00DH9X9TK	4403
B00DHAHYIQ	4404
B00DHAM8LY	4405
B00DHCSHNK	4406
B00DHCSP9Q	4407
B00DHEHXFG	4408
B00DHEHXKG	4409
B00DHEHZ54	4410
B00DHPUYNS	4411
B00DIGU3FK	4412
B00DIVVQ88	4413
B00DJ20NE4	4414
B00DJBBACY	4415
B00DJMD1R0	4416
B00DJMD2RO	4417
B00DJMD5LC	4418
B00DJPYE14	4419
B00DJQ0APM	4420
B00DJQV8YO	4421
B00DJTOAXW	4422
B00DKA6WLI	4423
B00DKMO80I	4424
B00DLKQE6K	4425
B00DLKQU0U	4426
B00DLKR12G	4427
B00DLKR928	4428
B00DLKRFHM	4429
B00DM2BCO6	4430
B00DMWQL2E	4431
B00DMXMU1Y	4432
B00DMXMU2I	4433
B00DMXMWXU	4434
B00DMXMXH0	4435
B00DN3BPSW	4436
B00DN5O19A	4437
B00DN5O8DO	4438
B00DNNQD20	4439
B00DNUVLUW	4440
B00DOPB75A	4441
B00DOPB8V8	4442
B00DOQEPZ8	4443
B00DOQEVGG	4444
B00DOQEZ44	4445
B00DOQF03O	4446
B00DOQF05C	4447
B00DOQF4US	4448
B00DOR3Z1M	4449
B00DOYKAVI	4450
B00DP3MAZ2	4451
B00DP4BJSK	4452
B00DP5NNCY	4453
B00DPH7O04	4454
B00DPH7PQW	4455
B00DPH7RQK	4456
B00DPH7USA	4457
B00DPHFULY	4458
B00DPHFUOQ	4459
B00DPHFYDI	4460
B00DQAN4B8	4461
B00DQAYTCG	4462
B00DQF5YMA	4463
B00DQLZW6C	4464
B00DQLZXCA	4465
B00DQM003G	4466
B00DQM03ZG	4467
B00DQNJBL2	4468
B00DQNJLV2	4469
B00DQV5ABO	4470
B00DQV5LJ0	4471
B00DQVH98Q	4472
B00DQZ2FGI	4473
B00DQZ50QK	4474
B00DR14N0C	4475
B00DR7HWV8	4476
B00DR7I3GQ	4477
B00DRDOVB6	4478
B00DRHQ3YK	4479
B00DRHR6XW	4480
B00DRVFP9K	4481
B00DRVG1GG	4482
B00DS373II	4483
B00DS3JEBM	4484
B00DS40NDY	4485
B00DSKQ8I2	4486
B00DSNO3HM	4487
B00DSXB8GG	4488
B00DTQHEPQ	4489
B00DTZFZCQ	4490
B00DU06OCA	4491
B00DU0P368	4492
B00DUB2WNE	4493
B00DUBWAHW	4494
B00DUFNMES	4495
B00DUGYHLE	4496
B00DUINT5C	4497
B00DULV8Y8	4498
B00DULXWII	4499
B00DULYICC	4500
B00DURHH3I	4501
B00DURHR24	4502
B00DURK0AU	4503
B00DUTLDKY	4504
B00DUU0AIY	4505
B00DUUN5K4	4506
B00DUWUB8Q	4507
B00DUWZ7WG	4508
B00DUWZ8M0	4509
B00DV6MYY0	4510
B00DVFWA5O	4511
B00DVG29HW	4512
B00DVG2DLO	4513
B00DVGNHAU	4514
B00DVH5E9G	4515
B00DVHEV90	4516
B00DVHU8KG	4517
B00DVHXBXW	4518
B00DVHXDR6	4519
B00DVHXEHK	4520
B00DVHXGAU	4521
B00DVI98X8	4522
B00DVK71NU	4523
B00DVK75AO	4524
B00DVKNG4S	4525
B00DVKNH7Y	4526
B00DVKNJ68	4527
B00DVKNJ6S	4528
B00DVKNLS4	4529
B00DVKNME2	4530
B00DVKNN78	4531
B00DVNYBJO	4532
B00DVRNVOG	4533
B00DW345FS	4534
B00DW42VXK	4535
B00DW5CTHC	4536
B00DW5E4BQ	4537
B00DW886XA	4538
B00DWAS2DC	4539
B00DWGNWE0	4540
B00DWGUZ86	4541
B00DWI4ZO4	4542
B00DWIBC9K	4543
B00DWQIS9O	4544
B00DWQJVIQ	4545
B00DWQOZSW	4546
B00DWQPR9I	4547
B00DWUXDOK	4548
B00DWUXLBA	4549
B00DWV0ODM	4550
B00DWV1IB4	4551
B00DWXJWRE	4552
B00DWXJWRO	4553
B00DWXK318	4554
B00DWXK5TS	4555
B00DWXK746	4556
B00DWXKA2K	4557
B00DXPSALU	4558
B00DXZSYR0	4559
B00DY1F3FY	4560
B00DY1FBHY	4561
B00DY1FFMA	4562
B00DY1YQ0W	4563
B00DY3UNW0	4564
B00DY9TRX0	4565
B00DYDU4ME	4566
B00DYNU2O4	4567
B00DYPUKGM	4568
B00DYQR668	4569
B00DYRGCZS	4570
B00DYRHLVC	4571
B00DYSLI7Y	4572
B00DYSLITM	4573
B00DYSLJQO	4574
B00DYSLM0C	4575
B00DYSLN0G	4576
B00DYW2522	4577
B00DYW41BA	4578
B00DZ26IZ6	4579
B00DZI258Y	4580
B00DZTVAIE	4581
B00DZYG6QA	4582
B00E0ER6H2	4583
B00E0ERCDK	4584
B00E0ERQJ0	4585
B00E0ES1QC	4586
B00E0F9NWC	4587
B00E0F9PKC	4588
B00E0F9QJM	4589
B00E0F9SE0	4590
B00E0FFBG4	4591
B00E0FFCOK	4592
B00E0FFHNG	4593
B00E0FFLGO	4594
B00E0FFYCK	4595
B00E0FG22G	4596
B00E0G4ARE	4597
B00E0G4FBA	4598
B00E0G4HL8	4599
B00E0GKVO0	4600
B00E0GU4II	4601
B00E0GWYHW	4602
B00E0GYXPS	4603
B00E0GYXRQ	4604
B00E0H6L7A	4605
B00E0H6XTG	4606
B00E0HWUSO	4607
B00E0IE2NO	4608
B00E0IXAGE	4609
B00E0IYKGI	4610
B00E0IYLXA	4611
B00E0L2MF6	4612
B00E0L2OLI	4613
B00E0L2PQM	4614
B00E0Q3VRO	4615
B00E12DUH8	4616
B00E1CTZSQ	4617
B00E1E61PO	4618
B00E1FCH9M	4619
B00E1LCMBO	4620
B00E1RQP8Y	4621
B00E1YA1TG	4622
B00E2VYVHG	4623
B00E2X2C20	4624
B00E2YSU0C	4625
B00E30VU84	4626
B00E3AJ1GW	4627
B00E3QJ6G6	4628
B00E3QJ882	4629
B00E3W462O	4630
B00E4GFIT4	4631
B00E4L5AOW	4632
B00E4MIP8Y	4633
B00E4YB1TW	4634
B00E4YMBAK	4635
B00E4YRJS4	4636
B00E57OGZ4	4637
B00E59AWE6	4638
B00E59LK6U	4639
B00E5S2YNE	4640
B00E5WZ8PG	4641
B00E5YJZQC	4642
B00E5YOUTE	4643
B00E6343BY	4644
B00E68MUSW	4645
B00E6AM5JE	4646
B00E6BWJ7Q	4647
B00E6JWAPO	4648
B00E6KPOVU	4649
B00E6OWN74	4650
B00E7WIB12	4651
B00E87WKZO	4652
B00E89HU5W	4653
B00E89OPDW	4654
B00E8P50X0	4655
B00E8PW91Q	4656
B00E8RA1UK	4657
B00E8RAOI4	4658
B00E94YNWY	4659
B00E95LV32	4660
B00E9MBUK4	4661
B00E9T7NB2	4662
B00E9YGVSS	4663
B00EAA8AIU	4664
B00EAEW1NQ	4665
B00EALDLOW	4666
B00EALEFZ6	4667
B00EAM645Y	4668
B00EAOV96Q	4669
B00EAOW3M0	4670
B00EASYNJW	4671
B00EASZ1NO	4672
B00EASZLG6	4673
B00EAT58YK	4674
B00EAXBUPC	4675
B00EB72CXQ	4676
B00EB72DP8	4677
B00EB7ET0K	4678
B00EB7EU22	4679
B00EB7EV94	4680
B00EB7FGOI	4681
B00EB7FJ9A	4682
B00ECE6ERS	4683
B00ECG1EYE	4684
B00ECVZJBS	4685
B00ED7HDR4	4686
B00ED7OGF6	4687
B00EDHETV2	4688
B00EDHFPH4	4689
B00EDHGX3O	4690
B00EDIEKSS	4691
B00EDJ8W86	4692
B00EDJ9RNU	4693
B00EDRZDXA	4694
B00EDS8476	4695
B00EDWDSVY	4696
B00EE079QK	4697
B00EE096Y8	4698
B00EE2MFDU	4699
B00EE2NHHS	4700
B00EE2PGKY	4701
B00EE42VXC	4702
B00EE6OO26	4703
B00EETAL66	4704
B00EETAO9K	4705
B00EEVW9SM	4706
B00EEYILWC	4707
B00EEYJKMM	4708
B00EF1JIWG	4709
B00EF1LD9M	4710
B00EF51MVC	4711
B00EFEUI2C	4712
B00EFXPG8O	4713
B00EGSF57K	4714
B00EGSF7G4	4715
B00EGSNDO2	4716
B00EI7AEWA	4717
B00EIAWRLS	4718
B00EIAWV0A	4719
B00EICC4B4	4720
B00EIQUVZ6	4721
B00EIXFQTK	4722
B00EJA03JA	4723
B00EJFW9XS	4724
B00EJQTNW2	4725
B00EJTKR9C	4726
B00EJTLDFE	4727
B00EJX8M4U	4728
B00EJYD0M8	4729
B00EK0I5TE	4730
B00EKNK15M	4731
B00EKOIRWA	4732
B00EKSKVIY	4733
B00ELJIQTS	4734
B00ELMLA7A	4735
B00ELUVKBI	4736
B00ELUVL5S	4737
B00ELUVMFW	4738
B00ELUWDTG	4739
B00ELUWFQ2	4740
B00ELUWGNO	4741
B00ELUWI2I	4742
B00EM1VSCM	4743
B00EM5I5VU	4744
B00EMAZ9SM	4745
B00EMYXMZ0	4746
B00EN6QXHQ	4747
B00ENJ68KA	4748
B00ENXEUR4	4749
B00EO4QWJ6	4750
B00EOB0B6E	4751
B00EOB0BNC	4752
B00EPDM09C	4753
B00EPDM1XM	4754
B00EPKCJS2	4755
B00EPXR4KM	4756
B00EQ3D022	4757
B00EQPDBXS	4758
B00EQVBTNG	4759
B00EQWXD3O	4760
B00EQWXMU8	4761
B00EQZ1FEA	4762
B00ER1TVKI	4763
B00ER20AI4	4764
B00ERYCADK	4765
B00ES09N6U	4766
B00ES0TKJU	4767
B00ES9VWXS	4768
B00ESJJLD6	4769
B00ESK4H8Y	4770
B00ESMW284	4771
B00ESMW5EU	4772
B00ESVMM08	4773
B00ESVMX8Y	4774
B00ESZ0PEE	4775
B00EU51YN8	4776
B00EUZI4KE	4777
B00EV2SGAE	4778
B00EV92MRK	4779
B00EV93MRE	4780
B00EVP2Q5W	4781
B00EVZOENY	4782
B00EW0YV7M	4783
B00EW1042M	4784
B00EW35UC4	4785
B00EW36PUU	4786
B00EW378YM	4787
B00EW37INS	4788
B00EW45ULE	4789
B00EYM46TG	4790
B00EYNVPWG	4791
B00EZ2F0P4	4792
B00EZ6TTT8	4793
B00EZ8BAF2	4794
B00EZ8C9BQ	4795
B00EZ8DEZQ	4796
B00EZ8DU2I	4797
B00EZM87FY	4798
B00F0IJ9V8	4799
B00F209GNK	4800
B00F3HR4O0	4801
B00F3MZ0LE	4802
B00F3NC944	4803
B00F4M2C3M	4804
B00F4SEC3Y	4805
B00F54JEP8	4806
B00F59HJL4	4807
B00F5B2EO4	4808
B00F778BZW	4809
B00F778F7Q	4810
B00F778K8K	4811
B00F77M5R2	4812
B00F8FG4IO	4813
B00F8HR2DI	4814
B00F8IQZMG	4815
B00F99NSN8	4816
B00F9RYXBG	4817
B00F9RZ09A	4818
B00F9RZ0W2	4819
B00F9RZ8C4	4820
B00F9WGZDA	4821
B00F9WH6G0	4822
B00F9YESZK	4823
B00FAPNAQQ	4824
B00FAQBW56	4825
B00FAQBYB8	4826
B00FAX5XKE	4827
B00FBW24U6	4828
B00FC2H0IG	4829
B00FC2H28E	4830
B00FC47ACA	4831
B00FCRHF4K	4832
B00FD8R49E	4833
B00FDLXMJW	4834
B00FDM5TJC	4835
B00FDQBJ1K	4836
B00FDQBJFQ	4837
B00FDQC8OC	4838
B00FDWRZCQ	4839
B00FEE53E0	4840
B00FF4XD9G	4841
B00FFAGVW6	4842
B00FFAHD3W	4843
B00FFXEIE6	4844
B00FG741GQ	4845
B00FG8WKI6	4846
B00FGCU5M0	4847
B00FGGBEL2	4848
B00FGGCNL2	4849
B00FGKB7LU	4850
B00FHDVHTI	4851
B00FJ12KWQ	4852
B00FJ3MRG8	4853
B00FJGUVN6	4854
B00FLI86ES	4855
B00FMCASVM	4856
B00FN6L8IO	4857
B00FNDPZO0	4858
B00FNJV4T4	4859
B00FP1F6K8	4860
B00FQMYG0M	4861
B00FR94RAS	4862
B00FR94UWI	4863
B00FR958F6	4864
B00FREXZ1A	4865
B00FRKCWV8	4866
B00FRML9DI	4867
B00FRMMNVA	4868
B00FRNUVNQ	4869
B00FRV471K	4870
B00FS4IZQ4	4871
B00FS5LO3Y	4872
B00FSAT69S	4873
B00FSGJZBQ	4874
B00FVTZKS2	4875
B00FW2FH40	4876
B00FWRMET6	4877
B00FXP3FMW	4878
B00FXP3HPC	4879
B00FXW6C1G	4880
B00FXWOQC8	4881
B00FYJPNOK	4882
B00FYJPPIE	4883
B00FYNDE2O	4884
B00FYVOMZE	4885
B00FZ5A1D6	4886
B00G02V8KI	4887
B00G1O3QA0	4888
B00G3UZ4AM	4889
B00G5KJSXE	4890
B00G5Q7L3M	4891
B00G6F3CHQ	4892
B00G9H000I	4893
B00G9IX0YK	4894
B00G9TE6RO	4895
B00G9TM8DI	4896
B00G9TMDI8	4897
B00G9TQS48	4898
B00GABQFV6	4899
B00GAOGNBA	4900
B00GBRJNHM	4901
B00GCD4HYY	4902
B00GCPSQQ2	4903
B00GCRVMJI	4904
B00GFAJ7IU	4905
B00GFAK74I	4906
B00GFAKKOU	4907
B00GIDWRPY	4908
B00GIIIRVC	4909
B00GIIIRZI	4910
B00GJ6JIMK	4911
B00GJYE6EC	4912
B00GLNK04G	4913
B00GM4ADIC	4914
B00GMA3ZU4	4915
B00GNHFAXG	4916
B00GNIFT0E	4917
B00GOHRTAC	4918
B00GP0UQLC	4919
B00GPSGUCS	4920
B00GPSJFQ6	4921
B00GR3N3TY	4922
B00GR9H0CO	4923
B00GRRLJJQ	4924
B00GS8HM68	4925
B00GT31R2C	4926
B00GTACI46	4927
B00GTUE45W	4928
B00GTUQWGQ	4929
B00GTUSN4K	4930
B00GU87NJ2	4931
B00GUBTFIQ	4932
B00GUC4E9K	4933
B00GUFNI8U	4934
B00GVVQHVS	4935
B00GWH814M	4936
B00GXXJTAK	4937
B00GZFZHK2	4938
B00H1CB1Y4	4939
B00H4I9XY0	4940
B00H7KRFVI	4941
B00H7OF0Q6	4942
B00H7SBRPK	4943
B00H9AO40G	4944
B00H9AO5F0	4945
B00H9C5PHK	4946
B00H9HOQNE	4947
B00HB2V5A4	4948
B00HD0OW5O	4949
B00HD7NQ8G	4950
B00HD942HI	4951
B00HE0JB86	4952
B00HGEPD28	4953
B00HGEPMEC	4954
B00HHDTHL6	4955
B00HJUVA80	4956
B00HKRV1CW	4957
B00HMXCLPK	4958
B00HNBAE4G	4959
B00HNK7C6A	4960
B00HNMI0E6	4961
B00HNPK2X0	4962
B00HPQI3EW	4963
B00HQYIPAU	4964
B00HR28NF8	4965
B00HT1MZL0	4966
B00HUZWYMU	4967
B00HWXK4X6	4968
B00HXRUMDI	4969
B00HY8S814	4970
B00HZ4WGPQ	4971
B00HZRJLGA	4972
B00I035JS2	4973
B00I04WFCY	4974
B00I4BUB1U	4975
B00I4COLF6	4976
B00I4Z9FBI	4977
B00I55Q3T4	4978
B00I95KWN8	4979
B00I9TZKEA	4980
B00I9V1IGC	4981
B00ID1BSL8	4982
B00IDYH954	4983
B00IE92ZCA	4984
B00IFE2K8I	4985
B00IGQ3XKE	4986
B00IHRG8MM	4987
B00IHRGEU8	4988
B00IIFEENI	4989
B00IILJXHO	4990
B00IJUYQBC	4991
B00IK4D8DY	4992
B00ILYI2N4	4993
B00INTT7GI	4994
B00IPMEQ5A	4995
B00IUK8NQK	4996
B00IVAT9KS	4997
B00IWNLF6K	4998
B00IXCRK8C	4999
B00IXF7SD6	5000
B00IXF804W	5001
B00IXF8736	5002
B00IZKEC6A	5003
B00J2IPUJW	5004
B00J43OSWA	5005
B00J47P5VE	5006
B00J7VAIDW	5007
B00J9CTDGM	5008
B00J9PY7RY	5009
B00JA1YRXG	5010
B00JBEFCP4	5011
B00JF7U7KM	5012
B00JGGR58Y	5013
B00JKNHRP4	5014
B00JM7G434	5015
B00JR11MUU	5016
B00JY3L1EI	5017
B00K8MIIQS	5018
